Workbook

Sheet VXXX

Sheet 통계요약
B3: 항만운영통계(5월)
K5: (단위 : 척, 천톤, 100% 기준)
B6: 구 분 | F6: 2023년도 | H6: 2024년도 | J6: 전년동기대비
E7: 연간누계 | F7: 5월(A) | G7: 5월누계(B) | H7: 5월(C) | I7: 5월누계(D) | J7: C-A | K7: (%) | L7: D-B | M7: (%)
B8: 선박 | C8: 계 | E8: =SUM(E9:E10) -> 17324 | F8: =SUM(F9:F10) -> 1451 | G8: =SUM(G9:G10) -> 7230 | H8: =SUM(H9:H10) -> 1439 | I8: =SUM(I9:I10) -> 7100 | J8: =H8-F8 -> -12 | K8: =H8/F8 -> 0.99172984 | L8: =I8-G8 -> -130 | M8: =I8/G8 -> 0.98201936
C9: 외 항 | E9: 10498 | F9: 889 | G9: 4412 | H9: 915 | I9: 4353 | J9: =H9-F9 -> 26 | K9: =H9/F9 -> 1.0292463 | L9: =I9-G9 -> -59 | M9: =I9/G9 -> 0.98662738
C10: 내 항 | E10: 6826 | F10: 562 | G10: 2818 | H10: 524 | I10: 2747 | J10: =H10-F10 -> -38 | K10: =H10/F10 -> 0.93238434 | L10: =I10-G10 -> -71 | M10: =I10/G10 -> 0.97480483 | O10: `
B11: 화물 | C11: 합 계 | E11: =E12+E16 -> 116607017 | F11: =F12+F16 -> 9141009 | G11: =G12+G16 -> 50156800 | H11: =H12+H16 -> 9513589 | I11: =I12+I16 -> 48694823 | J11: =H11-F11 -> 372580 | K11: =H11/F11 -> 1.0407592 | L11: =I11-G11 -> -1461977 | M11: =I11/G11 -> 0.97085187
C12: 외항 | D12: 소계 | E12: =SUM(E13:E15) -> 105503891 | F12: =SUM(F13:F15) -> 8214695 | G12: =SUM(G13:G15) -> 45528511 | H12: =SUM(H13:H15) -> 8683661 | I12: =SUM(I13:I15) -> 44198270 | J12: =H12-F12 -> 468966 | K12: =H12/F12 -> 1.0570887 | L12: =I12-G12 -> -1330241 | M12: =I12/G12 -> 0.97078224
D13: 수입 | E13: 85548211 | F13: 6523011 | G13: 36901501 | H13: 6847608 | I13: 35841577 | J13: =H13-F13 -> 324597 | K13: =H13/F13 -> 1.0497618 | L13: =I13-G13 -> -1059924 | M13: =I13/G13 -> 0.97127694
D14: 수출 | E14: 17063258 | F14: 1474254 | G14: 7224333 | H14: 1608474 | I14: 7226712 | J14: =H14-F14 -> 134220 | K14: =H14/F14 -> 1.0910427 | L14: =I14-G14 -> 2379 | M14: =I14/G14 -> 1.0003293
D15: 환적 | E15: 2892422 | F15: 217430 | G15: 1402677 | H15: 227579 | I15: 1129981 | J15: =H15-F15 -> 10149 | K15: =H15/F15 -> 1.0466771 | L15: =I15-G15 -> -272696 | M15: =I15/G15 -> 0.80558888
C16: 연안 | D16: 소계 | E16: =SUM(E17:E19) -> 11103126 | F16: =SUM(F17:F19) -> 926314 | G16: =SUM(G17:G19) -> 4628289 | H16: =SUM(H17:H19) -> 829928 | I16: =SUM(I17:I19) -> 4496553 | J16: =H16-F16 -> -96386 | K16: =H16/F16 -> 0.89594673 | L16: =I16-G16 -> -131736 | M16: =I16/G16 -> 0.97153678
D17: 입항 | E17: 7713381 | F17: 666927 | G17: 3199321 | H17: 620595 | I17: 3188175 | J17: =H17-F17 -> -46332 | K17: =H17/F17 -> 0.93052913 | L17: =I17-G17 -> -11146 | M17: =I17/G17 -> 0.99651614
D18: 출항 | E18: 3389745 | F18: 259387 | G18: 1428968 | H18: 209333 | I18: 1308378 | J18: =H18-F18 -> -50054 | K18: =H18/F18 -> 0.80702965 | L18: =I18-G18 -> -120590 | M18: =I18/G18 -> 0.91561043
D19: 환적 | E19: 0 | F19: 0 | G19: 0 | H19: 0 | I19: 0 | J19: =H19-F19 -> 0 | K19: 0 | L19: =I19-G19 -> 0 | M19: 순증
K20: (단위:TEU, 100% 기준)
B21: 컨테이너 | C21: 합 계 | E21: =SUM(E22,E26) -> 820289 | F21: =SUM(F22,F26) -> 71745 | G21: =SUM(G22,G26) -> 334798 | H21: =SUM(H22,H26) -> 80320 | I21: =SUM(I22,I26) -> 369077 | J21: =H21-F21 -> 8575 | K21: =H21/F21 -> 1.1195205 | L21: =I21-G21 -> 34279 | M21: =I21/G21 -> 1.1023871
C22: 외항 | D22: 소계 | E22: =SUM(E23:E25) -> 820289 | F22: =SUM(F23:F25) -> 71745 | G22: =SUM(G23:G25) -> 334798 | H22: =SUM(H23:H25) -> 80320 | I22: =SUM(I23:I25) -> 369077 | J22: =H22-F22 -> 8575 | K22: =H22/F22 -> 1.1195205 | L22: =I22-G22 -> 34279 | M22: =I22/G22 -> 1.1023871
D23: 수입 | E23: 406783 | F23: 35886 | G23: 166913 | H23: 39011 | I23: 185758 | J23: =H23-F23 -> 3125 | K23: =H23/F23 -> 1.0870813 | L23: =I23-G23 -> 18845 | M23: =I23/G23 -> 1.1129031
D24: 수출 | E24: 405018 | F24: 35280 | G24: 164281 | H24: 40351 | I24: 179237 | J24: =H24-F24 -> 5071 | K24: =H24/F24 -> 1.1437358 | L24: =I24-G24 -> 14956 | M24: =I24/G24 -> 1.0910391
D25: 환적 | E25: 8488 | F25: 579 | G25: 3604 | H25: 958 | I25: 4082 | J25: =H25-F25 -> 379 | K25: =H25/F25 -> 1.6545769 | L25: =I25-G25 -> 478 | M25: =I25/G25 -> 1.1326304
C26: 연안 | D26: 소계 | E26: =SUM(E27:E28) -> 0 | F26: =SUM(F27:F28) -> 0 | G26: =SUM(G27:G28) -> 0 | H26: 0 | I26: =SUM(I27:I28) -> 0 | J26: =H26-F26 -> 0 | K26: 0 | L26: =I26-G26 -> 0 | M26: 0
D27: 소계 | E27: 0 | F27: 0 | G27: 0 | H27: 0 | I27: 0 | J27: =H27-F27 -> 0 | K27: 0 | L27: =I27-G27 -> 0 | M27: 0
D28: 소계 | E28: 0 | F28: 0 | G28: 0 | H28: 0 | I28: 0 | J28: =H28-F28 -> 0 | K28: 0 | L28: =I28-G28 -> 0 | M28: 0
B29: 자동차(대) | E29: 1616558 | F29: 149334 | G29: 751238 | H29: 142270 | I29: 672226 | J29: =H29-F29 -> -7064 | K29: =H29/F29 -> 0.95269664 | L29: =I29-G29 -> -79012 | M29: =I29/G29 -> 0.89482428

Sheet 연도별 수송실적
B3: 연도별 수송실적
G5: (단위 : 척) | O5: (단위 : 천톤)
B6: 구 분 | C6: 2019 | D6: 2020 | E6: 2021 | F6: 2022 | G6: 2023 | H6: 2024.5. | J6: 구 분 | K6: 2019 | L6: 2020 | M6: 2021 | N6: 2022 | O6: 2023 | P6: =$H$6 -> 2024.5.
B7: 선박 입출항 | C7: 18416 | D7: 17409 | E7: 16473 | F7: 16626 | G7: 17324 | H7: =통계요약!I8 -> 7100 | J7: 화물 입출항 | K7: 113201331 | L7: 106847350 | M7: 116876152 | N7: 116171568 | O7: =통계요약!E11 -> 116607017 | P7: =통계요약!I11 -> 48694823
G8: (단위 : TEU) | O8: (단위 : 명)
B9: 구 분 | C9: 2019 | D9: 2020 | E9: 2021 | F9: 2022 | G9: 2023 | H9: =$H$6 -> 2024.5. | J9: 구 분 | K9: 2019 | L9: 2020 | M9: 2021 | N9: 2022 | O9: 2023 | P9: =$H$6 -> 2024.5.
B10: 컨테이너 | C10: 725047 | D10: 792643 | E10: 936246 | F10: 851953 | G10: 820289 | H10: =통계요약!I21 -> 369077 | J10: 여 객 | K10: 623733 | L10: 40267 | M10: 0 | N10: 0 | O10: 0
B12: □ 연도별 추이
B13: (선박입출항) | J13: (화물입출항)
B23: (컨테이너) | J23: (여 객)

Sheet 컨테이너 재게
B3: 부두별 컨테이너 물동량(5월)
B6: 구 분 | C6: 단위 | D6: 2023년도 | G6: 2024년도 | I6: 전년동기대비 | X6: `
D7: 연간누계 | E7: =통계요약!F7 -> 5월(A) | F7: =통계요약!G7 -> 5월누계(B) | G7: =통계요약!H7 -> 5월(C) | H7: =통계요약!I7 -> 5월누계(D) | I7: C-A | J7: (%) | K7: D-B | L7: (%)
B8: 합 계 | C8: TEU | D8: =SUM(D10,D12,D14,D16,D18,D20,D22,D26,D24,D30,D32,D34,D36,D28) -> 820289 | E8: =SUM(E10,E12,E14,E16,E18,E20,E22,E26,E24,E30,E32,E34,E36,E28) -> 71745 | F8: =SUM(F10,F12,F14,F16,F18,F20,F22,F26,F24,F30,F32,F34,F36,F28) -> 334798 | G8: =SUM(G10,G12,G14,G16,G18,G20,G22,G26,G24,G30,G32,G34,G36,G28,) -> 80320 | H8: =SUM(H10,H12,H14,H16,H18,H20,H22,H26,H24,H30,H32,H34,H36,H28,) -> 369077 | I8: =G8-E8 -> 8575 | J8: =(G8/E8*100)-100 -> 11.952052 | K8: =H8-F8 -> 34279 | L8: =(H8/F8*100)-100 -> 10.238711
C9: 톤 | D9: =SUM(D11,D13,D15,D17,D19,D21,D23,D25,D27,D31,D33,D35,D37,D29) -> 12332332 | E9: =SUM(E11,E13,E15,E17,E19,E21,E23,E25,E27,E31,E33,E35,E37,E29) -> 1088251 | F9: =SUM(F11,F13,F15,F17,F19,F21,F23,F25,F27,F31,F33,F35,F37,F29) -> 5064172 | G9: =SUM(G11,G13,G15,G17,G19,G21,G23,G25,G27,G31,G33,G35,G37,G29) -> 1187146 | H9: =SUM(H11,H13,H15,H17,H19,H21,H23,H25,H27,H31,H33,H35,H37,H29) -> 5579913 | I9: =G9-E9 -> 98895 | J9: =(G9/E9*100)-100 -> 9.0875175 | K9: =H9-F9 -> 515741 | L9: =(H9/F9*100)-100 -> 10.184113
B10: 국제여객부두1번 | C10: TEU | D10: 55094 | E10: 4626 | F10: 23503 | G10: 4926 | H10: 22437 | I10: =IFERROR(G10-E10,"-") -> 300 | J10: =IFERROR((G10/E10*100)-100,"-") -> 6.4850843 | K10: =IFERROR(H10-F10,"-") -> -1066 | L10: =IFERROR((H10/F10*100)-100,"-") -> -4.5355912 | O10: 국제여객부두 1번선석
C11: 톤 | D11: 1043982 | E11: 88590 | F11: 445991 | G11: 89635 | H11: 418076 | I11: =IFERROR(G11-E11,"-") -> 1045 | J11: =IFERROR((G11/E11*100)-100,"-") -> 1.1795914 | K11: =IFERROR(H11-F11,"-") -> -27915 | L11: =IFERROR((H11/F11*100)-100,"-") -> -6.2590949 | O11: 국제여객부두 1번선석
B12: 국제여객부두2번 | C12: TEU | D12: 45643 | E12: 3262 | F12: 20268 | G12: 3888 | H12: 19814 | I12: =IFERROR(G12-E12,"-") -> 626 | J12: =IFERROR((G12/E12*100)-100,"-") -> 19.190681 | K12: =IFERROR(H12-F12,"-") -> -454 | L12: =IFERROR((H12/F12*100)-100,"-") -> -2.2399842 | O12: 국제여객부두 2번선석 | AC12: 터미널별 | AD12: 2022년 월별 | AE12: 2022년 누계 | AF12: 2023년 월별 | AG12: 2023년 누계
C13: 톤 | D13: 634252 | E13: 45596 | F13: 285545 | G13: 57064 | H13: 279033 | I13: =IFERROR(G13-E13,"-") -> 11468 | J13: =IFERROR((G13/E13*100)-100,"-") -> 25.151329 | K13: =IFERROR(H13-F13,"-") -> -6512 | L13: =IFERROR((H13/F13*100)-100,"-") -> -2.2805512 | O13: 국제여객부두 2번선석 | AC13: 여객부두 | AD13: =E10+E12 -> 7888 | AE13: =F10+F12 -> 43771 | AF13: =G10+G12 -> 8814 | AG13: =H10+H12 -> 42251 | AH13: =(AF13/AD13*100)-100 -> 11.739351 | AI13: =(AG13/AE13*100)-100 -> -3.4726189
B14: 동부두 1 | C14: TEU | D14: 0 | E14: 0 | F14: 0 | G14: 0 | H14: 0 | I14: =IFERROR(G14-E14,"-") -> 0 | J14: =IFERROR((G14/E14*100)-100,"-") -> - | K14: =IFERROR(H14-F14,"-") -> 0 | L14: =IFERROR((H14/F14*100)-100,"-") -> - | O14: 동부두 1번선석 | AC14: HPCTC | AD14: =E18+E20+E22 -> 45383 | AE14: =F18+F20+F22 -> 199009 | AF14: =G18+G20+G22 -> 49814 | AG14: =H18+H20+H22 -> 228792 | AH14: =(AF14/AD14*100)-100 -> 9.7635679 | AI14: =(AG14/AE14*100)-100 -> 14.965655
C15: 톤 | D15: 0 | E15: 0 | F15: 0 | G15: 0 | H15: 0 | I15: =IFERROR(G15-E15,"-") -> 0 | J15: =IFERROR((G15/E15*100)-100,"-") -> - | K15: =IFERROR(H15-F15,"-") -> 0 | L15: =IFERROR((H15/F15*100)-100,"-") -> - | O15: 동부두 1번선석 | AC15: PNCT | AD15: =E32+E34+E36 -> 18474 | AE15: =F32+F34+F36 -> 92018 | AF15: =G32+G34+G36 -> 21692 | AG15: =H32+H34+H36 -> 97822 | AH15: =(AF15/AD15*100)-100 -> 17.419075 | AI15: =(AG15/AE15*100)-100 -> 6.3074616
B16: 동부두 5 | C16: TEU | D16: 0 | E16: 0 | F16: 0 | G16: 0 | H16: 212 | I16: =IFERROR(G16-E16,"-") -> 0 | J16: =IFERROR((G16/E16*100)-100,"-") -> - | K16: =IFERROR(H16-F16,"-") -> 212 | L16: =IFERROR((H16/F16*100)-100,"-") -> - | O16: 동부두 5번선석
C17: 톤 | D17: 0 | E17: 0 | F17: 0 | G17: 0 | H17: 5372 | I17: =IFERROR(G17-E17,"-") -> 0 | J17: =IFERROR((G17/E17*100)-100,"-") -> - | K17: =IFERROR(H17-F17,"-") -> 5372 | L17: =IFERROR((H17/F17*100)-100,"-") -> - | O17: 동부두 5번선석
B18: 동부두 6 | C18: TEU | D18: 128500 | E18: 14041 | F18: 52340 | G18: 14777 | H18: 59086 | I18: =IFERROR(G18-E18,"-") -> 736 | J18: =IFERROR((G18/E18*100)-100,"-") -> 5.2417919 | K18: =IFERROR(H18-F18,"-") -> 6746 | L18: =IFERROR((H18/F18*100)-100,"-") -> 12.888804 | O18: 동부두 6번선석
C19: 톤 | D19: 2073957 | E19: 214862 | F19: 846525 | G19: 235822 | H19: 980625 | I19: =IFERROR(G19-E19,"-") -> 20960 | J19: =IFERROR((G19/E19*100)-100,"-") -> 9.7550986 | K19: =IFERROR(H19-F19,"-") -> 134100 | L19: =IFERROR((H19/F19*100)-100,"-") -> 15.841233 | O19: 동부두 6번선석
B20: 동부두 7 | C20: TEU | D20: 206337 | E20: 15406 | F20: 82235 | G20: 20670 | H20: 98023 | I20: =IFERROR(G20-E20,"-") -> 5264 | J20: =IFERROR((G20/E20*100)-100,"-") -> 34.168506 | K20: =IFERROR(H20-F20,"-") -> 15788 | L20: =IFERROR((H20/F20*100)-100,"-") -> 19.198638 | O20: 동부두 7번선석
C21: 톤 | D21: 2793148 | E21: 200383 | F21: 1104640 | G21: 260342 | H21: 1285046 | I21: =IFERROR(G21-E21,"-") -> 59959 | J21: =IFERROR((G21/E21*100)-100,"-") -> 29.922199 | K21: =IFERROR(H21-F21,"-") -> 180406 | L21: =IFERROR((H21/F21*100)-100,"-") -> 16.331656 | O21: 동부두 7번선석
B22: 동부두 8 | C22: TEU | D22: 160865 | E22: 15936 | F22: 64434 | G22: 14367 | H22: 71683 | I22: =IFERROR(G22-E22,"-") -> -1569 | J22: =IFERROR((G22/E22*100)-100,"-") -> -9.8456325 | K22: =IFERROR(H22-F22,"-") -> 7249 | L22: =IFERROR((H22/F22*100)-100,"-") -> 11.250272 | O22: 동부두 8번선석
C23: 톤 | D23: 2398781 | E23: 256189 | F23: 1016213 | G23: 220119 | H23: 1117516 | I23: =IFERROR(G23-E23,"-") -> -36070 | J23: =IFERROR((G23/E23*100)-100,"-") -> -14.079449 | K23: =IFERROR(H23-F23,"-") -> 101303 | L23: =IFERROR((H23/F23*100)-100,"-") -> 9.9686778 | O23: 동부두 8번선석
B24: 동부두 9 | C24: TEU | D24: 0 | E24: 0 | F24: 0 | G24: 0 | H24: 0 | I24: =IFERROR(G24-E24,"-") -> 0 | J24: =IFERROR((G24/E24*100)-100,"-") -> - | K24: =IFERROR(H24-F24,"-") -> 0 | L24: =IFERROR((H24/F24*100)-100,"-") -> - | O24: 동부두 9번선석
C25: 톤 | D25: 0 | E25: 0 | F25: 0 | G25: 0 | H25: 0 | I25: =IFERROR(G25-E25,"-") -> 0 | J25: =IFERROR((G25/E25*100)-100,"-") -> - | K25: =IFERROR(H25-F25,"-") -> 0 | L25: =IFERROR((H25/F25*100)-100,"-") -> - | O25: 동부두 9번선석
B26: 동부두 10 | C26: TEU | D26: 0 | E26: 0 | F26: 0 | G26: 0 | H26: 0 | I26: =IFERROR(G26-E26,"-") -> 0 | J26: =IFERROR((G26/E26*100)-100,"-") -> - | K26: =IFERROR(H26-F26,"-") -> 0 | L26: =IFERROR((H26/F26*100)-100,"-") -> - | O26: 동부두 10번선석
C27: 톤 | D27: 0 | E27: 0 | F27: 0 | G27: 0 | H27: 0 | I27: =IFERROR(G27-E27,"-") -> 0 | J27: =IFERROR((G27/E27*100)-100,"-") -> - | K27: =IFERROR(H27-F27,"-") -> 0 | L27: =IFERROR((H27/F27*100)-100,"-") -> - | O27: 동부두 10번선석
B28: 동부두 11 | C28: TEU | D28: 0 | E28: 0 | F28: 0 | G28: 0 | H28: 0 | I28: =IFERROR(G28-E28,"-") -> 0 | J28: =IFERROR((G28/E28*100)-100,"-") -> - | K28: =IFERROR(H28-F28,"-") -> 0 | L28: =IFERROR((H28/F28*100)-100,"-") -> - | O28: 동부두 11번선석
C29: 톤 | D29: 0 | E29: 0 | F29: 0 | G29: 0 | H29: 0 | I29: =IFERROR(G29-E29,"-") -> 0 | J29: =IFERROR((G29/E29*100)-100,"-") -> - | K29: =IFERROR(H29-F29,"-") -> 0 | L29: =IFERROR((H29/F29*100)-100,"-") -> - | O29: 동부두 11번선석
B30: 동부두 12 | C30: TEU | D30: 0 | E30: 0 | F30: 0 | G30: 0 | H30: 0 | I30: =IFERROR(G30-E30,"-") -> 0 | J30: =IFERROR((G30/E30*100)-100,"-") -> - | K30: =IFERROR(H30-F30,"-") -> 0 | L30: =IFERROR((H30/F30*100)-100,"-") -> - | O30: 동부두 12번선석
C31: 톤 | D31: 0 | E31: 0 | F31: 0 | G31: 0 | H31: 0 | I31: =IFERROR(G31-E31,"-") -> 0 | J31: =IFERROR((G31/E31*100)-100,"-") -> - | K31: =IFERROR(H31-F31,"-") -> 0 | L31: =IFERROR((H31/F31*100)-100,"-") -> - | O31: 동부두 12번선석
B32: 동부두 14 | C32: TEU | D32: 53812 | E32: 5080 | F32: 22412 | G32: 6321 | H32: 26863 | I32: =IFERROR(G32-E32,"-") -> 1241 | J32: =IFERROR((G32/E32*100)-100,"-") -> 24.429134 | K32: =IFERROR(H32-F32,"-") -> 4451 | L32: =IFERROR((H32/F32*100)-100,"-") -> 19.859896 | O32: 동부두 14번선석
C33: 톤 | D33: 904930 | E33: 82626 | F33: 368447 | G33: 100789 | H33: 429849 | I33: =IFERROR(G33-E33,"-") -> 18163 | J33: =IFERROR((G33/E33*100)-100,"-") -> 21.982185 | K33: =IFERROR(H33-F33,"-") -> 61402 | L33: =IFERROR((H33/F33*100)-100,"-") -> 16.665083 | O33: 동부두 14번선석
B34: 동부두 15 | C34: TEU | D34: 123326 | E34: 9962 | F34: 49717 | G34: 10836 | H34: 53387 | I34: =IFERROR(G34-E34,"-") -> 874 | J34: =IFERROR((G34/E34*100)-100,"-") -> 8.7733387 | K34: =IFERROR(H34-F34,"-") -> 3670 | L34: =IFERROR((H34/F34*100)-100,"-") -> 7.3817809 | O34: 동부두 15번선석
C35: 톤 | D35: 1781224 | E35: 148955 | F35: 697960 | G35: 155972 | H35: 788012 | I35: =IFERROR(G35-E35,"-") -> 7017 | J35: =IFERROR((G35/E35*100)-100,"-") -> 4.7108187 | K35: =IFERROR(H35-F35,"-") -> 90052 | L35: =IFERROR((H35/F35*100)-100,"-") -> 12.902172 | O35: 동부두 15번선석
B36: 동부두 16 | C36: TEU | D36: 46712 | E36: 3432 | F36: 19889 | G36: 4535 | H36: 17572 | I36: =IFERROR(G36-E36,"-") -> 1103 | J36: =IFERROR((G36/E36*100)-100,"-") -> 32.138695 | K36: =IFERROR(H36-F36,"-") -> -2317 | L36: =IFERROR((H36/F36*100)-100,"-") -> -11.649656 | O36: 동부두 16번선석
C37: 톤 | D37: 702058 | E37: 51050 | F37: 298851 | G37: 67403 | H37: 276384 | I37: =IFERROR(G37-E37,"-") -> 16353 | J37: =IFERROR((G37/E37*100)-100,"-") -> 32.033301 | K37: =IFERROR(H37-F37,"-") -> -22467 | L37: =IFERROR((H37/F37*100)-100,"-") -> -7.5177931 | O37: 동부두 16번선석
