Workbook

Sheet VXXX

Sheet 통계요약
B1: (평택·당진항)
B2: 선박입항 및 화물수송
B3: (2022.7월분)
B4: (단위 : 척, 천톤, 100% 기준)
B5: 구 분 | F5: 2021년도 | H5: 2022년도 | J5: 전년동기대비
E6: 연간누계 | F6: 7월(A) | G6: 7월누계(B) | H6: 7월(C) | I6: 7월누계(D) | J6: C-A | K6: (%) | L6: D-B | M6: (%)
B7: 선박 | C7: 계 | E7: =SUM(E8:E9) -> 16470 | F7: =SUM(F8:F9) -> 1358 | G7: =SUM(G8:G9) -> 9708 | H7: =SUM(H8:H9) -> 1384 | I7: =SUM(I8:I9) -> 9892 | J7: =H7-F7 -> 26 | K7: =H7/F7 -> 1.0191458 | L7: =I7-G7 -> 184 | M7: =I7/G7 -> 1.0189534
C8: 외 항 | E8: 10091 | F8: 819 | G8: 5891 | H8: 852 | I8: 5931 | J8: =H8-F8 -> 33 | K8: =H8/F8 -> 1.040293 | L8: =I8-G8 -> 40 | M8: =I8/G8 -> 1.00679
C9: 내 항 | E9: 6379 | F9: 539 | G9: 3817 | H9: 532 | I9: 3961 | J9: =H9-F9 -> -7 | K9: =H9/F9 -> 0.98701299 | L9: =I9-G9 -> 144 | M9: =I9/G9 -> 1.037726
B10: 화물 | C10: 합 계 | E10: =E11+E15 -> 116876152 | F10: =F11+F15 -> 9639284 | G10: =G11+G15 -> 67581001 | H10: =H11+H15 -> 9856279 | I10: =I11+I15 -> 68039163 | J10: =H10-F10 -> 216995 | K10: =H10/F10 -> 1.0225115 | L10: =I10-G10 -> 458162 | M10: =I10/G10 -> 1.0067794
C11: 외항 | D11: 소계 | E11: =SUM(E12:E14) -> 104967519 | F11: =SUM(F12:F14) -> 8633668 | G11: =SUM(G12:G14) -> 60678480 | H11: =SUM(H12:H14) -> 8878707 | I11: =SUM(I12:I14) -> 60825959 | J11: =H11-F11 -> 245039 | K11: =H11/F11 -> 1.0283818 | L11: =I11-G11 -> 147479 | M11: =I11/G11 -> 1.0024305
D12: 수입 | E12: 84583157 | F12: 6983617 | G12: 48432525 | H12: 6942437 | I12: 49042745 | J12: =H12-F12 -> -41180 | K12: =H12/F12 -> 0.99410334 | L12: =I12-G12 -> 610220 | M12: =I12/G12 -> 1.0125994
D13: 수출 | E13: 15412892 | F13: 1289981 | G13: 9263181 | H13: 1629058 | I13: 9445124 | J13: =H13-F13 -> 339077 | K13: =H13/F13 -> 1.2628543 | L13: =I13-G13 -> 181943 | M13: =I13/G13 -> 1.0196415
D14: 환적 | E14: 4971470 | F14: 360070 | G14: 2982774 | H14: 307212 | I14: 2338090 | J14: =H14-F14 -> -52858 | K14: =H14/F14 -> 0.85320077 | L14: =I14-G14 -> -644684 | M14: =I14/G14 -> 0.78386428
C15: 연안 | D15: 소계 | E15: =SUM(E16:E18) -> 11908633 | F15: =SUM(F16:F18) -> 1005616 | G15: =SUM(G16:G18) -> 6902521 | H15: =SUM(H16:H18) -> 977572 | I15: =SUM(I16:I18) -> 7213204 | J15: =H15-F15 -> -28044 | K15: =H15/F15 -> 0.97211262 | L15: =I15-G15 -> 310683 | M15: =I15/G15 -> 1.0450101
D16: 입항 | E16: 8645260 | F16: 714166 | G16: 4964263 | H16: 673804 | I16: 4842336 | J16: =H16-F16 -> -40362 | K16: =H16/F16 -> 0.94348373 | L16: =I16-G16 -> -121927 | M16: =I16/G16 -> 0.97543905
D17: 출항 | E17: 3263373 | F17: 291450 | G17: 1938258 | H17: 303768 | I17: 2310871 | J17: =H17-F17 -> 12318 | K17: =H17/F17 -> 1.0422645 | L17: =I17-G17 -> 372613 | M17: =I17/G17 -> 1.1922412
D18: 환적 | E18: 0 | F18: 0 | G18: 0 | H18: 0 | I18: 59997 | J18: 0 | K18: 0 | L18: =I18-G18 -> 59997 | M18: 순증
K19: (단위:TEU, 100% 기준)
C20: 합 계 | E20: =SUM(E21,E25) -> 936246 | F20: =SUM(F21,F25) -> 78098 | G20: =SUM(G21,G25) -> 532788 | H20: =SUM(H21,H25) -> 81786 | I20: =SUM(I21,I25) -> 518172 | J20: =H20-F20 -> 3688 | K20: =H20/F20 -> 1.0472227 | L20: =I20-G20 -> -14616 | M20: =I20/G20 -> 0.97256695
C21: 외항 | D21: 소계 | E21: =SUM(E22:E24) -> 936246 | F21: =SUM(F22:F24) -> 78098 | G21: =SUM(G22:G24) -> 532788 | H21: =SUM(H22:H24) -> 81786 | I21: =SUM(I22:I24) -> 518172 | J21: =H21-F21 -> 3688 | K21: =H21/F21 -> 1.0472227 | L21: =I21-G21 -> -14616 | M21: =I21/G21 -> 0.97256695
B22: 컨테 | D22: 수입 | E22: 467367 | F22: 37751 | G22: 265415 | H22: 36623 | I22: 252819 | J22: =H22-F22 -> -1128 | K22: =H22/F22 -> 0.97012 | L22: =I22-G22 -> -12596 | M22: =I22/G22 -> 0.95254225
B23: 이너 | D23: 수출 | E23: 457531 | F23: 39537 | G23: 260016 | H23: 43770 | I23: 253034 | J23: =H23-F23 -> 4233 | K23: =H23/F23 -> 1.1070643 | L23: =I23-G23 -> -6982 | M23: =I23/G23 -> 0.97314781
D24: 환적 | E24: 11348 | F24: 810 | G24: 7357 | H24: 1393 | I24: 12319 | J24: =H24-F24 -> 583 | K24: =H24/F24 -> 1.7197531 | L24: =I24-G24 -> 4962 | M24: =I24/G24 -> 1.6744597
C25: 연안 | D25: 소계 | E25: =SUM(E26:E27) -> 0 | F25: =SUM(F26:F27) -> 0 | G25: =SUM(G26:G27) -> 0 | H25: 0 | I25: =SUM(I26:I27) -> 0 | J25: =H25-F25 -> 0 | K25: 0 | L25: =I25-G25 -> 0 | M25: 0
D26: 소계 | E26: 0 | F26: 0 | G26: 0 | H26: 0 | I26: 0 | J26: =H26-F26 -> 0 | K26: 0 | L26: =I26-G26 -> 0 | M26: 0
D27: 소계 | E27: 0 | F27: 0 | G27: 0 | H27: 0 | I27: 0 | J27: =H27-F27 -> 0 | K27: 0 | L27: =I27-G27 -> 0 | M27: 0
B28: 자동차(대) | E28: 1429401 | F28: 128534 | G28: 864991 | H28: 164321 | I28: 939737 | J28: =H28-F28 -> 35787 | K28: =H28/F28 -> 1.2784244 | L28: =I28-G28 -> 74746 | M28: =I28/G28 -> 1.0864125
A30: □ 전년 동기대비 비교표
B31: (화물) | H31: (컨테이너)

Sheet 연도별 수송실적
A1: ■ 연도별 수송실적
F2: (단위 : 척) | M2: (단위 : 천톤)
A3: 구분 | B3: 17 | C3: 18 | D3: 19 | E3: 20 | F3: 21 | G3: 22.07 | H3: 구분 | I3: 17 | J3: 18 | K3: 19 | L3: 20 | M3: 21 | N3: =$G$3 -> 22.07
A4: 선박입출항 | B4: 19440 | C4: 18829 | D4: 18416 | E4: 17326 | F4: 16412 | G4: =통계요약!I7 -> 9892 | H4: 화물입출항 | I4: 112491 | J4: 115147 | K4: 113201 | L4: 106845 | M4: 116876 | N4: =통계요약!I10 -> 68039163
F5: (단위 : TEU) | M5: (단위 : 명)
A6: 구분 | B6: 17 | C6: 18 | D6: 19 | E6: 20 | F6: 21 | G6: =$G$3 -> 22.07 | H6: 구분 | I6: 17 | J6: 18 | K6: 19 | L6: 20 | M6: 21 | N6: =$G$3 -> 22.07
A7: 컨테이너 | B7: 643233 | C7: 689852 | D7: 725047 | E7: 792643 | F7: 936246 | G7: =통계요약!I20 -> 518172 | H7: 여 객 | I7: 482428 | J7: 452480 | K7: 623733 | L7: 40267 | M7: 0 | N7: 0 | AA7: =(19166/188141)^(1/4)-1 -> -0.4350474
A12: □ 연도별 추이
A13: (선박입출항) | H13: (화물입출항)
A23: (컨테이너) | H23: (여객)

Sheet 컨테이너 재게(7월)
A1: □ 부두별 컨테이너 물동량
A2: 구 분 | D2: 단위 | F2: 2021년도 | H2: 2022년도 | J2: 전년동기대비
E3: 연간누계 | F3: =통계요약!F6 -> 7월(A) | G3: =통계요약!G6 -> 7월누계(B) | H3: =통계요약!H6 -> 7월(C) | I3: =통계요약!I6 -> 7월누계(D) | J3: C-A | K3: (%) | L3: D-B | M3: (%)
A4: 합 계 | D4: TEU | E4: =SUM(E6,E8,E10,E12,E14,E16,E18,E22,E20,E26,E28,E30,E32,E24,E34) -> 936246 | F4: =SUM(F6,F8,F10,F12,F14,F16,F18,F22,F20,F26,F28,F30,F32,F24,F34) -> 78098 | G4: =SUM(G6,G8,G10,G12,G14,G16,G18,G22,G20,G26,G28,G30,G32,G24,G34) -> 532788 | H4: =SUM(H6,H8,H10,H12,H14,H16,H18,H22,H20,H26,H28,H30,H32,H24,H34) -> 81786 | I4: =SUM(I6,I8,I10,I12,I14,I16,I18,I22,I20,I26,I28,I30,I32,I24,I34) -> 518172 | J4: =H4-F4 -> 3688 | K4: =(H4/F4*100)-100 -> 4.722272 | L4: =I4-G4 -> -14616 | M4: =(I4/G4*100)-100 -> -2.743305
D5: 톤 | E5: =SUM(E7,E9,E11,E13,E15,E17,E19,E21,E23,E27,E29,E31,E33,E25) -> 14361448 | F5: =SUM(F7,F9,F11,F13,F15,F17,F19,F21,F23,F27,F29,F31,F33,F25,F35) -> 1175402 | G5: =SUM(G7,G9,G11,G13,G15,G17,G19,G21,G23,G27,G29,G31,G33,G25,G35) -> 8098144 | H5: =SUM(H7,H9,H11,H13,H15,H17,H19,H21,H23,H27,H29,H31,H33,H25,H35) -> 1219361 | I5: =SUM(I7,I9,I11,I13,I15,I17,I19,I21,I23,I27,I29,I31,I33,I25,I35) -> 8053660 | J5: =H5-F5 -> 43959 | K5: =(H5/F5*100)-100 -> 3.739912 | L5: =I5-G5 -> -44484 | M5: =(I5/G5*100)-100 -> -0.54931105
A6: 국제여객부두1번 | D6: TEU | E6: 54806 | F6: 5172 | G6: 31461 | H6: 5143 | I6: 33192 | J6: =H6-F6 -> -29 | K6: =(H6/F6*100)-100 -> -0.56071152 | L6: =I6-G6 -> 1731 | M6: =(I6/G6*100)-100 -> 5.5020502 | P6: 국제여객부두 1번선석
D7: 톤 | E7: 1010788 | F7: 94598 | G7: 572985 | H7: 93612 | I7: 622583 | J7: =H7-F7 -> -986 | K7: =(H7/F7*100)-100 -> -1.0423053 | L7: =I7-G7 -> 49598 | M7: =(I7/G7*100)-100 -> 8.656073 | P7: 국제여객부두 1번선석
A8: 국제여객부두2번 | D8: TEU | E8: 73319 | F8: 7021 | G8: 40942 | H8: 6052 | I8: 40884 | J8: =H8-F8 -> -969 | K8: =(H8/F8*100)-100 -> -13.801453 | L8: =I8-G8 -> -58 | M8: =(I8/G8*100)-100 -> -0.14166382 | P8: 국제여객부두 2번선석
D9: 톤 | E9: 1108270 | F9: 105495 | G9: 636919 | H9: 82814 | I9: 608617 | J9: =H9-F9 -> -22681 | K9: =(H9/F9*100)-100 -> -21.499597 | L9: =I9-G9 -> -28302 | M9: =(I9/G9*100)-100 -> -4.4435792 | P9: 국제여객부두 2번선석
A10: 동부두 1 | D10: TEU | E10: 32 | F10: 0 | G10: 12 | H10: 0 | I10: 11 | J10: =H10-F10 -> 0 | K10: 0 | L10: =I10-G10 -> -1 | M10: =(I10/G10*100)-100 -> -8.3333333 | P10: 동부두 1번선석
D11: 톤 | E11: 760 | F11: 0 | G11: 310 | H11: 0 | I11: 39 | J11: =H11-F11 -> 0 | K11: 0 | L11: =I11-G11 -> -271 | M11: =(I11/G11*100)-100 -> -87.419355 | P11: 동부두 1번선석
A12: 동부두 5 | D12: TEU | E12: 0 | F12: 0 | G12: 0 | H12: 0 | I12: 0 | J12: =H12-F12 -> 0 | K12: 0 | L12: =I12-G12 -> 0 | M12: 0 | P12: 동부두 5번선석
D13: 톤 | E13: 0 | F13: 0 | G13: 0 | H13: 0 | I13: 0 | J13: =H13-F13 -> 0 | K13: 0 | L13: =I13-G13 -> 0 | M13: 0 | P13: 동부두 5번선석
A14: 동부두 6 | D14: TEU | E14: 113070 | F14: 9529 | G14: 66387 | H14: 10978 | I14: 74402 | J14: =H14-F14 -> 1449 | K14: =(H14/F14*100)-100 -> 15.206213 | L14: =I14-G14 -> 8015 | M14: =(I14/G14*100)-100 -> 12.073147 | P14: 동부두 6번선석
D15: 톤 | E15: 1740430 | F15: 151243 | G15: 997409 | H15: 172939 | I15: 1184139 | J15: =H15-F15 -> 21696 | K15: =(H15/F15*100)-100 -> 14.345127 | L15: =I15-G15 -> 186730 | M15: =(I15/G15*100)-100 -> 18.721507 | P15: 동부두 6번선석
A16: 동부두 7 | D16: TEU | E16: 257133 | F16: 22623 | G16: 155268 | H16: 20227 | I16: 131875 | J16: =H16-F16 -> -2396 | K16: =(H16/F16*100)-100 -> -10.590991 | L16: =I16-G16 -> -23393 | M16: =(I16/G16*100)-100 -> -15.066208 | P16: 동부두 7번선석
D17: 톤 | E17: 3567347 | F17: 287475 | G17: 2137528 | H17: 269504 | I17: 1854353 | J17: =H17-F17 -> -17971 | K17: =(H17/F17*100)-100 -> -6.2513262 | L17: =I17-G17 -> -283175 | M17: =(I17/G17*100)-100 -> -13.24778 | P17: 동부두 7번선석
A18: 동부두 8 | D18: TEU | E18: 148930 | F18: 11226 | G18: 87105 | H18: 12519 | I18: 73977 | J18: =H18-F18 -> 1293 | K18: =(H18/F18*100)-100 -> 11.517905 | L18: =I18-G18 -> -13128 | M18: =(I18/G18*100)-100 -> -15.071465 | P18: 동부두 8번선석
D19: 톤 | E19: 2355281 | F19: 180504 | G19: 1369906 | H19: 207060 | I19: 1211804 | J19: =H19-F19 -> 26556 | K19: =(H19/F19*100)-100 -> 14.712139 | L19: =I19-G19 -> -158102 | M19: =(I19/G19*100)-100 -> -11.541084 | P19: 동부두 8번선석
A20: 동부두 9 | D20: TEU | E20: 0 | F20: 0 | G20: 0 | H20: 0 | I20: 0 | J20: =H20-F20 -> 0 | K20: 0 | L20: =I20-G20 -> 0 | M20: 0 | P20: 동부두 9번선석
D21: 톤 | E21: 0 | F21: 0 | G21: 0 | H21: 0 | I21: 0 | J21: =H21-F21 -> 0 | K21: 0 | L21: =I21-G21 -> 0 | M21: 0 | P21: 동부두 9번선석
A22: 동부두 10 | D22: TEU | E22: 8 | F22: 0 | G22: 0 | H22: 0 | I22: 0 | J22: =H22-F22 -> 0 | K22: 0 | L22: =I22-G22 -> 0 | M22: 0 | P22: 동부두 10번선석
D23: 톤 | E23: 43 | F23: 0 | G23: 0 | H23: 0 | I23: 0 | J23: =H23-F23 -> 0 | K23: 0 | L23: =I23-G23 -> 0 | M23: 0 | P23: 동부두 10번선석
A24: 동부두 11 | D24: TEU | E24: 43 | F24: 0 | G24: 16 | H24: 0 | I24: 34 | J24: =H24-F24 -> 0 | K24: 0 | L24: =I24-G24 -> 18 | M24: =(I24/G24*100)-100 -> 112.5 | P24: 동부두 11번선석
D25: 톤 | E25: 492 | F25: 0 | G25: 129 | H25: 0 | I25: 244 | J25: =H25-F25 -> 0 | K25: 0 | L25: =I25-G25 -> 115 | M25: =(I25/G25*100)-100 -> 89.147287 | P25: 동부두 11번선석
A26: 동부두 12 | D26: TEU | E26: 478 | F26: 16 | G26: 192 | H26: 0 | I26: 212 | J26: =H26-F26 -> -16 | K26: =(H26/F26*100)-100 -> -100 | L26: =I26-G26 -> 20 | M26: =(I26/G26*100)-100 -> 10.416667 | P26: 동부두 12번선석
D27: 톤 | E27: 2537 | F27: 250 | G27: 1817 | H27: 0 | I27: 1888 | J27: =H27-F27 -> -250 | K27: =(H27/F27*100)-100 -> -100 | L27: =I27-G27 -> 71 | M27: =(I27/G27*100)-100 -> 3.9075399 | P27: 동부두 12번선석
A28: 동부두 14 | D28: TEU | E28: 95587 | F28: 8145 | G28: 51028 | H28: 8159 | I28: 54570 | J28: =H28-F28 -> 14 | K28: =(H28/F28*100)-100 -> 0.17188459 | L28: =I28-G28 -> 3542 | M28: =(I28/G28*100)-100 -> 6.9412871 | P28: 동부두 14번선석
D29: 톤 | E29: 1614394 | F29: 138955 | G29: 838231 | H29: 132172 | I29: 944169 | J29: =H29-F29 -> -6783 | K29: =(H29/F29*100)-100 -> -4.8814364 | L29: =I29-G29 -> 105938 | M29: =(I29/G29*100)-100 -> 12.638282 | P29: 동부두 14번선석
A30: 동부두 15 | D30: TEU | E30: 139949 | F30: 10141 | G30: 68993 | H30: 13626 | I30: 80496 | J30: =H30-F30 -> 3485 | K30: =(H30/F30*100)-100 -> 34.365447 | L30: =I30-G30 -> 11503 | M30: =(I30/G30*100)-100 -> 16.672706 | P30: 동부두 15번선석
D31: 톤 | E31: 2096293 | F31: 150324 | G31: 1045416 | H31: 196649 | I31: 1171459 | J31: =H31-F31 -> 46325 | K31: =(H31/F31*100)-100 -> 30.816769 | L31: =I31-G31 -> 126043 | M31: =(I31/G31*100)-100 -> 12.056731 | P31: 동부두 15번선석
A32: 동부두 16 | D32: TEU | E32: 52891 | F32: 4225 | G32: 31384 | H32: 5082 | I32: 28439 | J32: =H32-F32 -> 857 | K32: =(H32/F32*100)-100 -> 20.284024 | L32: =I32-G32 -> -2945 | M32: =(I32/G32*100)-100 -> -9.3837624 | P32: 동부두 16번선석
D33: 톤 | E33: 864813 | F33: 66558 | G33: 497494 | H33: 64611 | I33: 452981 | J33: =H33-F33 -> -1947 | K33: =(H33/F33*100)-100 -> -2.9252682 | L33: =I33-G33 -> -44513 | M33: =(I33/G33*100)-100 -> -8.9474446 | P33: 동부두 16번선석
A34: 고대부두 8 | D34: TEU | E34: 0 | F34: 0 | G34: 0 | H34: 0 | I34: 80 | J34: =H34-F34 -> 0 | K34: 0 | L34: =I34-G34 -> 80 | M34: 순증 | P34: 고대부두 8번선석
D35: 톤 | E35: 0 | F35: 0 | G35: 0 | H35: 0 | I35: 1384 | J35: =H35-F35 -> 0 | K35: 0 | L35: =I35-G35 -> 1384 | M35: 순증 | P35: 고대부두 8번선석
