Workbook

Sheet VXXX

Sheet 통계요약
B1: (평택·당진항)
B2: 선박입항 및 화물수송
B3: (2022.12월분)
B4: (단위 : 척, 천톤, 100% 기준)
B5: 구 분 | F5: 2021년도 | H5: 2022년도 | J5: 전년동기대비
E6: 연간누계 | F6: 12월(A) | G6: 12월누계(B) | H6: 12월(C) | I6: 12월누계(D) | J6: C-A | K6: (%) | L6: D-B | M6: (%)
B7: 선박 | C7: 계 | E7: =SUM(E8:E9) -> 16473 | F7: =SUM(F8:F9) -> 1368 | G7: =SUM(G8:G9) -> 16473 | H7: =SUM(H8:H9) -> 1370 | I7: =SUM(I8:I9) -> 16626 | J7: =H7-F7 -> 2 | K7: =H7/F7 -> 1.001462 | L7: =I7-G7 -> 153 | M7: =I7/G7 -> 1.0092879
C8: 외 항 | E8: 10091 | F8: 880 | G8: 10091 | H8: 827 | I8: 10009 | J8: =H8-F8 -> -53 | K8: =H8/F8 -> 0.93977273 | L8: =I8-G8 -> -82 | M8: =I8/G8 -> 0.99187395
C9: 내 항 | E9: 6382 | F9: 488 | G9: 6382 | H9: 543 | I9: 6617 | J9: =H9-F9 -> 55 | K9: =H9/F9 -> 1.1127049 | L9: =I9-G9 -> 235 | M9: =I9/G9 -> 1.0368223
B10: 화물 | C10: 합 계 | E10: =E11+E15 -> 116876152 | F10: =F11+F15 -> 10356261 | G10: =G11+G15 -> 116876152 | H10: =H11+H15 -> 9760374 | I10: =I11+I15 -> 116137277 | J10: =H10-F10 -> -595887 | K10: =H10/F10 -> 0.94246118 | L10: =I10-G10 -> -738875 | M10: =I10/G10 -> 0.99367814
C11: 외항 | D11: 소계 | E11: =SUM(E12:E14) -> 104967519 | F11: =SUM(F12:F14) -> 9253827 | G11: =SUM(G12:G14) -> 104967519 | H11: =SUM(H12:H14) -> 8838268 | I11: =SUM(I12:I14) -> 104335502 | J11: =H11-F11 -> -415559 | K11: =H11/F11 -> 0.95509328 | L11: =I11-G11 -> -632017 | M11: =I11/G11 -> 0.99397893
D12: 수입 | E12: 84583157 | F12: 7652227 | G12: 84583157 | H12: 7339164 | I12: 85021042 | J12: =H12-F12 -> -313063 | K12: =H12/F12 -> 0.95908864 | L12: =I12-G12 -> 437885 | M12: =I12/G12 -> 1.005177
D13: 수출 | E13: 15412892 | F13: 1248540 | G13: 15412892 | H13: 1249586 | I13: 15759226 | J13: =H13-F13 -> 1046 | K13: =H13/F13 -> 1.0008378 | L13: =I13-G13 -> 346334 | M13: =I13/G13 -> 1.0224704
D14: 환적 | E14: 4971470 | F14: =204233+148827 -> 353060 | G14: =2539577+2431893 -> 4971470 | H14: =105785+143733 -> 249518 | I14: 3555234 | J14: =H14-F14 -> -103542 | K14: =H14/F14 -> 0.70672973 | L14: =I14-G14 -> -1416236 | M14: =I14/G14 -> 0.71512732
C15: 연안 | D15: 소계 | E15: =SUM(E16:E18) -> 11908633 | F15: =SUM(F16:F18) -> 1102434 | G15: =SUM(G16:G18) -> 11908633 | H15: =SUM(H16:H18) -> 922106 | I15: =SUM(I16:I18) -> 11801775 | J15: =H15-F15 -> -180328 | K15: =H15/F15 -> 0.8364274 | L15: =I15-G15 -> -106858 | M15: =I15/G15 -> 0.99102685
D16: 입항 | E16: 8645260 | F16: 859483 | G16: 8645260 | H16: 632067 | I16: 8295705 | J16: =H16-F16 -> -227416 | K16: =H16/F16 -> 0.73540373 | L16: =I16-G16 -> -349555 | M16: =I16/G16 -> 0.95956686
D17: 출항 | E17: 3263373 | F17: 242951 | G17: 3263373 | H17: 290039 | I17: 3506070 | J17: =H17-F17 -> 47088 | K17: =H17/F17 -> 1.1938169 | L17: =I17-G17 -> 242697 | M17: =I17/G17 -> 1.07437
D18: 환적 | E18: 0 | F18: 0 | G18: 0 | H18: 0 | I18: 0 | J18: =H18-F18 -> 0 | K18: 0 | L18: =I18-G18 -> 0 | M18: 0
K19: (단위:TEU, 100% 기준)
C20: 합 계 | E20: =SUM(E21,E25) -> 936246 | F20: =SUM(F21,F25) -> 79925 | G20: =SUM(G21,G25) -> 936246 | H20: =SUM(H21,H25) -> 61527 | I20: =SUM(I21,I25) -> 851953 | J20: =H20-F20 -> -18398 | K20: =H20/F20 -> 0.7698092 | L20: =I20-G20 -> -84293 | M20: =I20/G20 -> 0.90996704
C21: 외항 | D21: 소계 | E21: =SUM(E22:E24) -> 936246 | F21: =SUM(F22:F24) -> 79925 | G21: =SUM(G22:G24) -> 936246 | H21: =SUM(H22:H24) -> 61527 | I21: =SUM(I22:I24) -> 851953 | J21: =H21-F21 -> -18398 | K21: =H21/F21 -> 0.7698092 | L21: =I21-G21 -> -84293 | M21: =I21/G21 -> 0.90996704
B22: 컨테 | D22: 수입 | E22: 467367 | F22: 39110.5 | G22: 467367 | H22: 30815 | I22: 416040.5 | J22: =H22-F22 -> -8295.5 | K22: =H22/F22 -> 0.78789583 | L22: =I22-G22 -> -51326.5 | M22: =I22/G22 -> 0.89017945
B23: 이너 | D23: 수출 | E23: 457531 | F23: 40501.5 | G23: 457531 | H23: 30257 | I23: 418271.5 | J23: =H23-F23 -> -10244.5 | K23: =H23/F23 -> 0.74705875 | L23: =I23-G23 -> -39259.5 | M23: =I23/G23 -> 0.9141927
D24: 환적 | E24: 11348 | F24: =255+58 -> 313 | G24: =6763+4585 -> 11348 | H24: =311+144 -> 455 | I24: =9104+8537 -> 17641 | J24: =H24-F24 -> 142 | K24: =H24/F24 -> 1.4536741 | L24: =I24-G24 -> 6293 | M24: =I24/G24 -> 1.5545471
C25: 연안 | D25: 소계 | E25: =SUM(E26:E27) -> 0 | F25: 0 | G25: 0 | H25: 0 | I25: =SUM(I26:I27) -> 0 | J25: =H25-F25 -> 0 | K25: 0 | L25: =I25-G25 -> 0 | M25: 0
D26: 소계 | E26: 0 | F26: 0 | G26: 0 | H26: 0 | I26: 0 | J26: =H26-F26 -> 0 | K26: 0 | L26: =I26-G26 -> 0 | M26: 0
D27: 소계 | E27: 0 | F27: 0 | G27: 0 | H27: 0 | I27: 0 | J27: =H27-F27 -> 0 | K27: 0 | L27: =I27-G27 -> 0 | M27: 0
B28: 자동차(대) | E28: 1429401 | F28: 131436 | G28: 1429401 | H28: 147955 | I28: 1638490 | J28: =H28-F28 -> 16519 | K28: =H28/F28 -> 1.1256809 | L28: =I28-G28 -> 209089 | M28: =I28/G28 -> 1.1462774
A30: □ 전년 동기대비 비교표
B31: (화물) | H31: (컨테이너)

Sheet 연도별 수송실적
A1: ■ 연도별 수송실적
F2: (단위 : 척) | M2: (단위 : 천톤)
A3: 구분 | B3: 17 | C3: 18 | D3: 19 | E3: 20 | F3: 21 | G3: 22.12. | H3: 구분 | I3: 17 | J3: 18 | K3: 19 | L3: 20 | M3: 21 | N3: =$G$3 -> 22.12.
A4: 선박입출항 | B4: 19440 | C4: 18829 | D4: 18416 | E4: 17326 | F4: =통계요약!G7 -> 16473 | G4: =통계요약!I7 -> 16626 | H4: 화물입출항 | I4: 116470047 | J4: 115078864 | K4: 113201331 | L4: 106845294 | M4: =통계요약!G10 -> 116876152 | N4: =통계요약!I10 -> 116137277
F5: (단위 : TEU) | M5: (단위 : 명)
A6: 구분 | B6: 17 | C6: 18 | D6: 19 | E6: 20 | F6: 21 | G6: =$G$3 -> 22.12. | H6: 구분 | I6: 17 | J6: 18 | K6: 19 | L6: 20 | M6: 21 | N6: =$G$3 -> 22.12.
A7: 컨테이너 | B7: 643233 | C7: 689852 | D7: 725047 | E7: 792643 | F7: =통계요약!G20 -> 936246 | G7: =통계요약!I20 -> 851953 | H7: 여 객 | I7: 482428 | J7: 452480 | K7: 623733 | L7: 40267 | M7: 0 | N7: 0 | AA7: =(19166/188141)^(1/4)-1 -> -0.4350474
A12: □ 연도별 추이
A13: (선박입출항) | H13: (화물입출항)
A23: (컨테이너) | H23: (여객)

Sheet 컨테이너 재게(12월)
A1: □ 부두별 컨테이너 물동량
A2: 구 분 | D2: 단위 | F2: 2021년도 | H2: 2022년도 | J2: 전년동기대비
E3: 연간누계 | F3: =통계요약!F6 -> 12월(A) | G3: =통계요약!G6 -> 12월누계(B) | H3: =통계요약!H6 -> 12월(C) | I3: =통계요약!I6 -> 12월누계(D) | J3: C-A | K3: (%) | L3: D-B | M3: (%)
A4: 합 계 | D4: TEU | E4: =SUM(E6,E8,E10,E12,E14,E16,E18,E22,E20,E26,E28,E30,E32,E24,E34) -> 936245.75 | F4: =SUM(F6,F8,F10,F12,F14,F16,F18,F22,F20,F26,F28,F30,F32,F24,F34) -> 79924.75 | G4: =SUM(G6,G8,G10,G12,G14,G16,G18,G22,G20,G26,G28,G30,G32,G24,G34) -> 936245.75 | H4: =SUM(H6,H8,H10,H12,H14,H16,H18,H22,H20,H26,H28,H30,H32,H24,H34) -> 61527.25 | I4: =SUM(I6,I8,I10,I12,I14,I16,I18,I22,I20,I26,I28,I30,I32,I24,I34) -> 851953 | J4: =H4-F4 -> -18397.5 | K4: =(H4/F4*100)-100 -> -23.018527 | L4: =I4-G4 -> -84292.75 | M4: =(I4/G4*100)-100 -> -9.0032718
D5: 톤 | E5: =SUM(E7,E9,E11,E13,E15,E17,E19,E21,E23,E27,E29,E31,E33,E25) -> 14361448 | F5: =SUM(F7,F9,F11,F13,F15,F17,F19,F21,F23,F27,F29,F31,F33,F25,F35) -> 1257314 | G5: =SUM(G7,G9,G11,G13,G15,G17,G19,G21,G23,G27,G29,G31,G33,G25,G35) -> 14361448 | H5: =SUM(H7,H9,H11,H13,H15,H17,H19,H21,H23,H27,H29,H31,H33,H25,H35) -> 935633 | I5: =SUM(I7,I9,I11,I13,I15,I17,I19,I21,I23,I27,I29,I31,I33,I25,I35) -> 13134878 | J5: =H5-F5 -> -321681 | K5: =(H5/F5*100)-100 -> -25.584778 | L5: =I5-G5 -> -1226570 | M5: =(I5/G5*100)-100 -> -8.5407126
A6: 국제여객부두1번 | D6: TEU | E6: 54806 | F6: 4994 | G6: 54806 | H6: 4732 | I6: 56152 | J6: =H6-F6 -> -262 | K6: =(H6/F6*100)-100 -> -5.2462956 | L6: =I6-G6 -> 1346 | M6: =(I6/G6*100)-100 -> 2.4559355 | P6: 국제여객부두 1번선석
D7: 톤 | E7: 1010788 | F7: 94645 | G7: 1010788 | H7: 91998 | I7: 1063612 | J7: =H7-F7 -> -2647 | K7: =(H7/F7*100)-100 -> -2.7967669 | L7: =I7-G7 -> 52824 | M7: =(I7/G7*100)-100 -> 5.2260217 | P7: 국제여객부두 1번선석
A8: 국제여객부두2번 | D8: TEU | E8: 73318.25 | F8: 7092.75 | G8: 73318.25 | H8: 5099.25 | I8: 70330.75 | J8: =H8-F8 -> -1993.5 | K8: =(H8/F8*100)-100 -> -28.106165 | L8: =I8-G8 -> -2987.5 | M8: =(I8/G8*100)-100 -> -4.0747017 | P8: 국제여객부두 2번선석
D9: 톤 | E9: 1108270 | F9: 98737 | G9: 1108270 | H9: 77218 | I9: 1023659 | J9: =H9-F9 -> -21519 | K9: =(H9/F9*100)-100 -> -21.794262 | L9: =I9-G9 -> -84611 | M9: =(I9/G9*100)-100 -> -7.6345114 | P9: 국제여객부두 2번선석
A10: 동부두 1 | D10: TEU | E10: 32 | F10: 20 | G10: 32 | I10: 11 | J10: =H10-F10 -> -20 | K10: 0 | L10: =I10-G10 -> -21 | M10: =(I10/G10*100)-100 -> -65.625 | P10: 동부두 1번선석
D11: 톤 | E11: 760 | F11: 450 | G11: 760 | I11: 39 | J11: =H11-F11 -> -450 | K11: 0 | L11: =I11-G11 -> -721 | M11: =(I11/G11*100)-100 -> -94.868421 | P11: 동부두 1번선석
A12: 동부두 5 | D12: TEU | E12: 0 | F12: 0 | G12: 0 | J12: =H12-F12 -> 0 | K12: 0 | L12: =I12-G12 -> 0 | M12: 0 | P12: 동부두 5번선석
D13: 톤 | E13: 0 | F13: 0 | G13: 0 | J13: =H13-F13 -> 0 | K13: 0 | L13: =I13-G13 -> 0 | M13: 0 | P13: 동부두 5번선석
A14: 동부두 6 | D14: TEU | E14: 113070.25 | F14: 10464 | G14: 113070.25 | H14: 8556 | I14: 127735.25 | J14: =H14-F14 -> -1908 | K14: =(H14/F14*100)-100 -> -18.233945 | L14: =I14-G14 -> 14665 | M14: =(I14/G14*100)-100 -> 12.969813 | P14: 동부두 6번선석
D15: 톤 | E15: 1740430 | F15: 175550 | G15: 1740430 | H15: 126425 | I15: 2021215 | J15: =H15-F15 -> -49125 | K15: =(H15/F15*100)-100 -> -27.98348 | L15: =I15-G15 -> 280785 | M15: =(I15/G15*100)-100 -> 16.133082 | P15: 동부두 6번선석
A16: 동부두 7 | D16: TEU | E16: 257133.25 | F16: 15260 | G16: 257133.25 | H16: 16547 | I16: 206399 | J16: =H16-F16 -> 1287 | K16: =(H16/F16*100)-100 -> 8.4338139 | L16: =I16-G16 -> -50734.25 | M16: =(I16/G16*100)-100 -> -19.730723 | P16: 동부두 7번선석
D17: 톤 | E17: 3567347 | F17: 220674 | G17: 3567347 | H17: 241423 | I17: 2900266 | J17: =H17-F17 -> 20749 | K17: =(H17/F17*100)-100 -> 9.4025576 | L17: =I17-G17 -> -667081 | M17: =(I17/G17*100)-100 -> -18.699639 | P17: 동부두 7번선석
A18: 동부두 8 | D18: TEU | E18: 148930 | F18: 13245 | G18: 148930 | H18: 6141 | I18: 120730 | J18: =H18-F18 -> -7104 | K18: =(H18/F18*100)-100 -> -53.635334 | L18: =I18-G18 -> -28200 | M18: =(I18/G18*100)-100 -> -18.93507 | P18: 동부두 8번선석
D19: 톤 | E19: 2355281 | F19: 219108 | G19: 2355281 | H19: 94528 | I19: 1935255 | J19: =H19-F19 -> -124580 | K19: =(H19/F19*100)-100 -> -56.857805 | L19: =I19-G19 -> -420026 | M19: =(I19/G19*100)-100 -> -17.833371 | P19: 동부두 8번선석
A20: 동부두 9 | D20: TEU | E20: 0 | G20: 0 | J20: =H20-F20 -> 0 | K20: 0 | L20: =I20-G20 -> 0 | M20: 0 | P20: 동부두 9번선석
D21: 톤 | E21: 0 | G21: 0 | J21: =H21-F21 -> 0 | K21: 0 | L21: =I21-G21 -> 0 | M21: 0 | P21: 동부두 9번선석
A22: 동부두 10 | D22: TEU | E22: 8 | G22: 8 | J22: =H22-F22 -> 0 | K22: 0 | L22: =I22-G22 -> -8 | M22: 0 | P22: 동부두 10번선석
D23: 톤 | E23: 43 | G23: 43 | J23: =H23-F23 -> 0 | K23: 0 | L23: =I23-G23 -> -43 | M23: 0 | P23: 동부두 10번선석
A24: 동부두 11 | D24: TEU | E24: 43 | G24: 43 | I24: 107 | J24: =H24-F24 -> 0 | K24: 0 | L24: =I24-G24 -> 64 | M24: =(I24/G24*100)-100 -> 148.83721 | P24: 동부두 11번선석
D25: 톤 | E25: 492 | G25: 492 | I25: 244 | J25: =H25-F25 -> 0 | K25: 0 | L25: =I25-G25 -> -248 | M25: =(I25/G25*100)-100 -> -50.406504 | P25: 동부두 11번선석
A26: 동부두 12 | D26: TEU | E26: 478 | F26: 12 | G26: 478 | I26: 212 | J26: =H26-F26 -> -12 | K26: =(H26/F26*100)-100 -> -100 | L26: =I26-G26 -> -266 | M26: =(I26/G26*100)-100 -> -55.648536 | P26: 동부두 12번선석
D27: 톤 | E27: 2537 | F27: 98 | G27: 2537 | I27: 1888 | J27: =H27-F27 -> -98 | K27: =(H27/F27*100)-100 -> -100 | L27: =I27-G27 -> -649 | M27: =(I27/G27*100)-100 -> -25.581395 | P27: 동부두 12번선석
A28: 동부두 14 | D28: TEU | E28: 95587 | F28: 8419 | G28: 95587 | H28: 5735 | I28: 87855 | J28: =H28-F28 -> -2684 | K28: =(H28/F28*100)-100 -> -31.880271 | L28: =I28-G28 -> -7732 | M28: =(I28/G28*100)-100 -> -8.0889661 | P28: 동부두 14번선석
D29: 톤 | E29: 1614394 | F29: 140460 | G29: 1614394 | H29: 93299 | I29: 1481921 | J29: =H29-F29 -> -47161 | K29: =(H29/F29*100)-100 -> -33.576107 | L29: =I29-G29 -> -132473 | M29: =(I29/G29*100)-100 -> -8.2057416 | P29: 동부두 14번선석
A30: 동부두 15 | D30: TEU | E30: 139949 | F30: 16362 | G30: 139949 | H30: 10922 | I30: 136389 | J30: =H30-F30 -> -5440 | K30: =(H30/F30*100)-100 -> -33.247769 | L30: =I30-G30 -> -3560 | M30: =(I30/G30*100)-100 -> -2.5437838 | P30: 동부두 15번선석
D31: 톤 | E31: 2096293 | F31: 237361 | G31: 2096293 | H31: 153423 | I31: 1982852 | J31: =H31-F31 -> -83938 | K31: =(H31/F31*100)-100 -> -35.363012 | L31: =I31-G31 -> -113441 | M31: =(I31/G31*100)-100 -> -5.411505 | P31: 동부두 15번선석
A32: 동부두 16 | D32: TEU | E32: 52891 | F32: 4056 | G32: 52891 | H32: 3795 | I32: 45952 | J32: =H32-F32 -> -261 | K32: =(H32/F32*100)-100 -> -6.4349112 | L32: =I32-G32 -> -6939 | M32: =(I32/G32*100)-100 -> -13.119434 | P32: 동부두 16번선석
D33: 톤 | E33: 864813 | F33: 70231 | G33: 864813 | H33: 57319 | I33: 722543 | J33: =H33-F33 -> -12912 | K33: =(H33/F33*100)-100 -> -18.385044 | L33: =I33-G33 -> -142270 | M33: =(I33/G33*100)-100 -> -16.450955 | P33: 동부두 16번선석
A34: 고대부두 8 | D34: TEU | E34: 0 | G34: 0 | I34: 80 | J34: =H34-F34 -> 0 | K34: 0 | L34: =I34-G34 -> 80 | M34: 순증 | P34: 고대부두 8번선석
D35: 톤 | E35: 0 | F35: 0 | G35: 0 | H35: 0 | I35: 1384 | J35: =H35-F35 -> 0 | K35: 0 | L35: =I35-G35 -> 1384 | M35: 순증 | P35: 고대부두 8번선석
