Workbook

Sheet VXXX

Sheet 통계요약
B1: (평택·당진항)
B2: 선박입항 및 화물수송
B3: (2022.8월분)
B4: (단위 : 척, 천톤, 100% 기준)
B5: 구 분 | F5: 2021년도 | H5: 2022년도 | J5: 전년동기대비
E6: 연간누계 | F6: 8월(A) | G6: 8월누계(B) | H6: 8월(C) | I6: 8월누계(D) | J6: C-A | K6: (%) | L6: D-B | M6: (%)
B7: 선박 | C7: 계 | E7: =SUM(E8:E9) -> 16470 | F7: =SUM(F8:F9) -> 1345 | G7: =SUM(G8:G9) -> 11053 | H7: =SUM(H8:H9) -> 1423 | I7: =SUM(I8:I9) -> 11315 | J7: =H7-F7 -> 78 | K7: =H7/F7 -> 1.0579926 | L7: =I7-G7 -> 262 | M7: =I7/G7 -> 1.023704
C8: 외 항 | E8: 10091 | F8: 818 | G8: 6709 | H8: 869 | I8: 6800 | J8: =H8-F8 -> 51 | K8: =H8/F8 -> 1.0623472 | L8: =I8-G8 -> 91 | M8: =I8/G8 -> 1.0135639
C9: 내 항 | E9: 6379 | F9: 527 | G9: 4344 | H9: 554 | I9: 4515 | J9: =H9-F9 -> 27 | K9: =H9/F9 -> 1.0512334 | L9: =I9-G9 -> 171 | M9: =I9/G9 -> 1.0393646
B10: 화물 | C10: 합 계 | E10: =E11+E15 -> 116876152 | F10: =F11+F15 -> 9500218 | G10: =G11+G15 -> 77081219 | H10: =H11+H15 -> 9743180 | I10: =I11+I15 -> 77782343 | J10: =H10-F10 -> 242962 | K10: =H10/F10 -> 1.0255744 | L10: =I10-G10 -> 701124 | M10: =I10/G10 -> 1.0090959
C11: 외항 | D11: 소계 | E11: =SUM(E12:E14) -> 104967519 | F11: =SUM(F12:F14) -> 8419086 | G11: =SUM(G12:G14) -> 69097566 | H11: =SUM(H12:H14) -> 8770769 | I11: =SUM(I12:I14) -> 69596728 | J11: =H11-F11 -> 351683 | K11: =H11/F11 -> 1.0417721 | L11: =I11-G11 -> 499162 | M11: =I11/G11 -> 1.007224
D12: 수입 | E12: 84583157 | F12: 6812410 | G12: 55244935 | H12: 7260189 | I12: 56302934 | J12: =H12-F12 -> 447779 | K12: =H12/F12 -> 1.0657299 | L12: =I12-G12 -> 1057999 | M12: =I12/G12 -> 1.0191511
D13: 수출 | E13: 15412892 | F13: 1172312 | G13: 10435493 | H13: 1227718 | I13: 10672842 | J13: =H13-F13 -> 55406 | K13: =H13/F13 -> 1.0472622 | L13: =I13-G13 -> 237349 | M13: =I13/G13 -> 1.0227444
D14: 환적 | E14: 4971470 | F14: 434364 | G14: 3417138 | H14: 282862 | I14: 2620952 | J14: =H14-F14 -> -151502 | K14: =H14/F14 -> 0.65120958 | L14: =I14-G14 -> -796186 | M14: =I14/G14 -> 0.76700209
C15: 연안 | D15: 소계 | E15: =SUM(E16:E18) -> 11908633 | F15: =SUM(F16:F18) -> 1081132 | G15: =SUM(G16:G18) -> 7983653 | H15: =SUM(H16:H18) -> 972411 | I15: =SUM(I16:I18) -> 8185615 | J15: =H15-F15 -> -108721 | K15: =H15/F15 -> 0.89943781 | L15: =I15-G15 -> 201962 | M15: =I15/G15 -> 1.0252969
D16: 입항 | E16: 8645260 | F16: 769775 | G16: 5734038 | H16: 741831 | I16: 5584167 | J16: =H16-F16 -> -27944 | K16: =H16/F16 -> 0.96369848 | L16: =I16-G16 -> -149871 | M16: =I16/G16 -> 0.97386292
D17: 출항 | E17: 3263373 | F17: 311357 | G17: 2249615 | H17: 230580 | I17: 2541451 | J17: =H17-F17 -> -80777 | K17: =H17/F17 -> 0.74056469 | L17: =I17-G17 -> 291836 | M17: =I17/G17 -> 1.1297271
D18: 환적 | E18: 0 | F18: 0 | G18: 0 | H18: 0 | I18: 59997 | J18: 0 | K18: 0 | L18: =I18-G18 -> 59997 | M18: 순증
K19: (단위:TEU, 100% 기준)
C20: 합 계 | E20: =SUM(E21,E25) -> 936246 | F20: =SUM(F21,F25) -> 82960 | G20: =SUM(G21,G25) -> 615748 | H20: =SUM(H21,H25) -> 72854 | I20: =SUM(I21,I25) -> 591026 | J20: =H20-F20 -> -10106 | K20: =H20/F20 -> 0.87818226 | L20: =I20-G20 -> -24722 | M20: =I20/G20 -> 0.95985046
C21: 외항 | D21: 소계 | E21: =SUM(E22:E24) -> 936246 | F21: =SUM(F22:F24) -> 82960 | G21: =SUM(G22:G24) -> 615748 | H21: =SUM(H22:H24) -> 72854 | I21: =SUM(I22:I24) -> 591026 | J21: =H21-F21 -> -10106 | K21: =H21/F21 -> 0.87818226 | L21: =I21-G21 -> -24722 | M21: =I21/G21 -> 0.95985046
B22: 컨테 | D22: 수입 | E22: 467367 | F22: 41691 | G22: 307106 | H22: 35810 | I22: 288630 | J22: =H22-F22 -> -5881 | K22: =H22/F22 -> 0.85893838 | L22: =I22-G22 -> -18476 | M22: =I22/G22 -> 0.93983836
B23: 이너 | D23: 수출 | E23: 457531 | F23: 40689 | G23: 300705 | H23: 35746 | I23: 288779 | J23: =H23-F23 -> -4943 | K23: =H23/F23 -> 0.87851754 | L23: =I23-G23 -> -11926 | M23: =I23/G23 -> 0.96033987
D24: 환적 | E24: 11348 | F24: 580 | G24: 7937 | H24: 1298 | I24: 13617 | J24: =H24-F24 -> 718 | K24: =H24/F24 -> 2.237931 | L24: =I24-G24 -> 5680 | M24: =I24/G24 -> 1.7156356
C25: 연안 | D25: 소계 | E25: =SUM(E26:E27) -> 0 | F25: =SUM(F26:F27) -> 0 | G25: =SUM(G26:G27) -> 0 | H25: 0 | I25: =SUM(I26:I27) -> 0 | J25: =H25-F25 -> 0 | K25: 0 | L25: =I25-G25 -> 0 | M25: 0
D26: 소계 | E26: 0 | F26: 0 | G26: 0 | H26: 0 | I26: 0 | J26: =H26-F26 -> 0 | K26: 0 | L26: =I26-G26 -> 0 | M26: 0
D27: 소계 | E27: 0 | F27: 0 | G27: 0 | H27: 0 | I27: 0 | J27: =H27-F27 -> 0 | K27: 0 | L27: =I27-G27 -> 0 | M27: 0
B28: 자동차(대) | E28: 1429401 | F28: 104403 | G28: 969394 | H28: 140421 | I28: 1080150 | J28: =H28-F28 -> 36018 | K28: =H28/F28 -> 1.3449901 | L28: =I28-G28 -> 110756 | M28: =I28/G28 -> 1.1142528
A30: □ 전년 동기대비 비교표
B31: (화물) | H31: (컨테이너)

Sheet 연도별 수송실적
A1: ■ 연도별 수송실적
F2: (단위 : 척) | M2: (단위 : 천톤)
A3: 구분 | B3: 17 | C3: 18 | D3: 19 | E3: 20 | F3: 21 | G3: 22.08 | H3: 구분 | I3: 17 | J3: 18 | K3: 19 | L3: 20 | M3: 21 | N3: =$G$3 -> 22.08
A4: 선박입출항 | B4: 19440 | C4: 18829 | D4: 18416 | E4: 17326 | F4: 16412 | G4: =통계요약!I7 -> 11315 | H4: 화물입출항 | I4: 112491 | J4: 115147 | K4: 113201 | L4: 106845 | M4: 116876 | N4: =통계요약!I10 -> 77782343
F5: (단위 : TEU) | M5: (단위 : 명)
A6: 구분 | B6: 17 | C6: 18 | D6: 19 | E6: 20 | F6: 21 | G6: =$G$3 -> 22.08 | H6: 구분 | I6: 17 | J6: 18 | K6: 19 | L6: 20 | M6: 21 | N6: =$G$3 -> 22.08
A7: 컨테이너 | B7: 643233 | C7: 689852 | D7: 725047 | E7: 792643 | F7: 936246 | G7: =통계요약!I20 -> 591026 | H7: 여 객 | I7: 482428 | J7: 452480 | K7: 623733 | L7: 40267 | M7: 0 | N7: 0 | AA7: =(19166/188141)^(1/4)-1 -> -0.4350474
A12: □ 연도별 추이
A13: (선박입출항) | H13: (화물입출항)
A23: (컨테이너) | H23: (여객)

Sheet 컨테이너 재게(8월)
A1: □ 부두별 컨테이너 물동량
A2: 구 분 | D2: 단위 | F2: 2021년도 | H2: 2022년도 | J2: 전년동기대비
E3: 연간누계 | F3: =통계요약!F6 -> 8월(A) | G3: =통계요약!G6 -> 8월누계(B) | H3: =통계요약!H6 -> 8월(C) | I3: =통계요약!I6 -> 8월누계(D) | J3: C-A | K3: (%) | L3: D-B | M3: (%)
A4: 합 계 | D4: TEU | E4: =SUM(E6,E8,E10,E12,E14,E16,E18,E22,E20,E26,E28,E30,E32,E24,E34) -> 936246 | F4: =SUM(F6,F8,F10,F12,F14,F16,F18,F22,F20,F26,F28,F30,F32,F24,F34) -> 82960 | G4: =SUM(G6,G8,G10,G12,G14,G16,G18,G22,G20,G26,G28,G30,G32,G24,G34) -> 615748 | H4: =SUM(H6,H8,H10,H12,H14,H16,H18,H22,H20,H26,H28,H30,H32,H24,H34) -> 72854 | I4: =SUM(I6,I8,I10,I12,I14,I16,I18,I22,I20,I26,I28,I30,I32,I24,I34) -> 591026 | J4: =H4-F4 -> -10106 | K4: =(H4/F4*100)-100 -> -12.181774 | L4: =I4-G4 -> -24722 | M4: =(I4/G4*100)-100 -> -4.0149542
D5: 톤 | E5: =SUM(E7,E9,E11,E13,E15,E17,E19,E21,E23,E27,E29,E31,E33,E25) -> 14361448 | F5: =SUM(F7,F9,F11,F13,F15,F17,F19,F21,F23,F27,F29,F31,F33,F25,F35) -> 1240451 | G5: =SUM(G7,G9,G11,G13,G15,G17,G19,G21,G23,G27,G29,G31,G33,G25,G35) -> 9338595 | H5: =SUM(H7,H9,H11,H13,H15,H17,H19,H21,H23,H27,H29,H31,H33,H25,H35) -> 1103159 | I5: =SUM(I7,I9,I11,I13,I15,I17,I19,I21,I23,I27,I29,I31,I33,I25,I35) -> 9156819 | J5: =H5-F5 -> -137292 | K5: =(H5/F5*100)-100 -> -11.06791 | L5: =I5-G5 -> -181776 | M5: =(I5/G5*100)-100 -> -1.9465027
A6: 국제여객부두1번 | D6: TEU | E6: 54806 | F6: 4744 | G6: 36205 | H6: 4542 | I6: 37734 | J6: =H6-F6 -> -202 | K6: =(H6/F6*100)-100 -> -4.2580101 | L6: =I6-G6 -> 1529 | M6: =(I6/G6*100)-100 -> 4.2231736 | P6: 국제여객부두 1번선석
D7: 톤 | E7: 1010788 | F7: 86870 | G7: 659855 | H7: 84196 | I7: 706779 | J7: =H7-F7 -> -2674 | K7: =(H7/F7*100)-100 -> -3.0781628 | L7: =I7-G7 -> 46924 | M7: =(I7/G7*100)-100 -> 7.1112593 | P7: 국제여객부두 1번선석
A8: 국제여객부두2번 | D8: TEU | E8: 73319 | F8: 7223 | G8: 48165 | H8: 5848 | I8: 46732 | J8: =H8-F8 -> -1375 | K8: =(H8/F8*100)-100 -> -19.036411 | L8: =I8-G8 -> -1433 | M8: =(I8/G8*100)-100 -> -2.9751895 | P8: 국제여객부두 2번선석
D9: 톤 | E9: 1108270 | F9: 106610 | G9: 743529 | H9: 81130 | I9: 689747 | J9: =H9-F9 -> -25480 | K9: =(H9/F9*100)-100 -> -23.900197 | L9: =I9-G9 -> -53782 | M9: =(I9/G9*100)-100 -> -7.2333426 | P9: 국제여객부두 2번선석
A10: 동부두 1 | D10: TEU | E10: 32 | F10: 0 | G10: 12 | H10: 0 | I10: 11 | J10: =H10-F10 -> 0 | K10: 0 | L10: =I10-G10 -> -1 | M10: =(I10/G10*100)-100 -> -8.3333333 | P10: 동부두 1번선석
D11: 톤 | E11: 760 | F11: 0 | G11: 310 | H11: 0 | I11: 39 | J11: =H11-F11 -> 0 | K11: 0 | L11: =I11-G11 -> -271 | M11: =(I11/G11*100)-100 -> -87.419355 | P11: 동부두 1번선석
A12: 동부두 5 | D12: TEU | E12: 0 | F12: 0 | G12: 0 | H12: 0 | J12: =H12-F12 -> 0 | K12: 0 | L12: =I12-G12 -> 0 | M12: 0 | P12: 동부두 5번선석
D13: 톤 | E13: 0 | F13: 0 | G13: 0 | H13: 0 | J13: =H13-F13 -> 0 | K13: 0 | L13: =I13-G13 -> 0 | M13: 0 | P13: 동부두 5번선석
A14: 동부두 6 | D14: TEU | E14: 113070 | F14: 8814 | G14: 75201 | H14: 12847 | I14: 87249 | J14: =H14-F14 -> 4033 | K14: =(H14/F14*100)-100 -> 45.756751 | L14: =I14-G14 -> 12048 | M14: =(I14/G14*100)-100 -> 16.021064 | P14: 동부두 6번선석
D15: 톤 | E15: 1740430 | F15: 144596 | G15: 1142005 | H15: 202396 | I15: 1386535 | J15: =H15-F15 -> 57800 | K15: =(H15/F15*100)-100 -> 39.973443 | L15: =I15-G15 -> 244530 | M15: =(I15/G15*100)-100 -> 21.412341 | P15: 동부두 6번선석
A16: 동부두 7 | D16: TEU | E16: 257133 | F16: 24151 | G16: 179419 | H16: 17766 | I16: 149641 | J16: =H16-F16 -> -6385 | K16: =(H16/F16*100)-100 -> -26.437829 | L16: =I16-G16 -> -29778 | M16: =(I16/G16*100)-100 -> -16.596904 | P16: 동부두 7번선석
D17: 톤 | E17: 3567347 | F17: 292478 | G17: 2430006 | H17: 253195 | I17: 2107548 | J17: =H17-F17 -> -39283 | K17: =(H17/F17*100)-100 -> -13.431096 | L17: =I17-G17 -> -322458 | M17: =(I17/G17*100)-100 -> -13.269844 | P17: 동부두 7번선석
A18: 동부두 8 | D18: TEU | E18: 148930 | F18: 12105 | G18: 99210 | H18: 8099 | I18: 82076 | J18: =H18-F18 -> -4006 | K18: =(H18/F18*100)-100 -> -33.093763 | L18: =I18-G18 -> -17134 | M18: =(I18/G18*100)-100 -> -17.270436 | P18: 동부두 8번선석
D19: 톤 | E19: 2355281 | F19: 197245 | G19: 1567151 | H19: 130283 | I19: 1342087 | J19: =H19-F19 -> -66962 | K19: =(H19/F19*100)-100 -> -33.948643 | L19: =I19-G19 -> -225064 | M19: =(I19/G19*100)-100 -> -14.361347 | P19: 동부두 8번선석
A20: 동부두 9 | D20: TEU | E20: 0 | F20: 0 | G20: 0 | H20: 0 | J20: =H20-F20 -> 0 | K20: 0 | L20: =I20-G20 -> 0 | M20: 0 | P20: 동부두 9번선석
D21: 톤 | E21: 0 | F21: 0 | G21: 0 | H21: 0 | J21: =H21-F21 -> 0 | K21: 0 | L21: =I21-G21 -> 0 | M21: 0 | P21: 동부두 9번선석
A22: 동부두 10 | D22: TEU | E22: 8 | F22: 0 | G22: 0 | H22: 0 | J22: =H22-F22 -> 0 | K22: 0 | L22: =I22-G22 -> 0 | M22: 0 | P22: 동부두 10번선석
D23: 톤 | E23: 43 | F23: 0 | G23: 0 | H23: 0 | J23: =H23-F23 -> 0 | K23: 0 | L23: =I23-G23 -> 0 | M23: 0 | P23: 동부두 10번선석
A24: 동부두 11 | D24: TEU | E24: 43 | F24: 0 | G24: 16 | H24: 0 | I24: 34 | J24: =H24-F24 -> 0 | K24: 0 | L24: =I24-G24 -> 18 | M24: =(I24/G24*100)-100 -> 112.5 | P24: 동부두 11번선석
D25: 톤 | E25: 492 | F25: 0 | G25: 129 | H25: 0 | I25: 244 | J25: =H25-F25 -> 0 | K25: 0 | L25: =I25-G25 -> 115 | M25: =(I25/G25*100)-100 -> 89.147287 | P25: 동부두 11번선석
A26: 동부두 12 | D26: TEU | E26: 478 | F26: 22 | G26: 214 | H26: 0 | I26: 212 | J26: =H26-F26 -> -22 | K26: =(H26/F26*100)-100 -> -100 | L26: =I26-G26 -> -2 | M26: =(I26/G26*100)-100 -> -0.93457944 | P26: 동부두 12번선석
D27: 톤 | E27: 2537 | F27: 83 | G27: 1900 | H27: 0 | I27: 1888 | J27: =H27-F27 -> -83 | K27: =(H27/F27*100)-100 -> -100 | L27: =I27-G27 -> -12 | M27: =(I27/G27*100)-100 -> -0.63157895 | P27: 동부두 12번선석
A28: 동부두 14 | D28: TEU | E28: 95587 | F28: 9512 | G28: 60540 | H28: 7597 | I28: 62167 | J28: =H28-F28 -> -1915 | K28: =(H28/F28*100)-100 -> -20.132464 | L28: =I28-G28 -> 1627 | M28: =(I28/G28*100)-100 -> 2.6874794 | P28: 동부두 14번선석
D29: 톤 | E29: 1614394 | F29: 160500 | G29: 998731 | H29: 120728 | I29: 1064897 | J29: =H29-F29 -> -39772 | K29: =(H29/F29*100)-100 -> -24.780062 | L29: =I29-G29 -> 66166 | M29: =(I29/G29*100)-100 -> 6.6250071 | P29: 동부두 14번선석
A30: 동부두 15 | D30: TEU | E30: 139949 | F30: 11342 | G30: 80335 | H30: 12422 | I30: 92918 | J30: =H30-F30 -> 1080 | K30: =(H30/F30*100)-100 -> 9.5221301 | L30: =I30-G30 -> 12583 | M30: =(I30/G30*100)-100 -> 15.663161 | P30: 동부두 15번선석
D31: 톤 | E31: 2096293 | F31: 169831 | G31: 1215247 | H31: 183873 | I31: 1355332 | J31: =H31-F31 -> 14042 | K31: =(H31/F31*100)-100 -> 8.2682196 | L31: =I31-G31 -> 140085 | M31: =(I31/G31*100)-100 -> 11.527286 | P31: 동부두 15번선석
A32: 동부두 16 | D32: TEU | E32: 52891 | F32: 5047 | G32: 36431 | H32: 3733 | I32: 32172 | J32: =H32-F32 -> -1314 | K32: =(H32/F32*100)-100 -> -26.035268 | L32: =I32-G32 -> -4259 | M32: =(I32/G32*100)-100 -> -11.690593 | P32: 동부두 16번선석
D33: 톤 | E33: 864813 | F33: 82238 | G33: 579732 | H33: 47358 | I33: 500339 | J33: =H33-F33 -> -34880 | K33: =(H33/F33*100)-100 -> -42.413483 | L33: =I33-G33 -> -79393 | M33: =(I33/G33*100)-100 -> -13.694776 | P33: 동부두 16번선석
A34: 고대부두 8 | D34: TEU | E34: 0 | F34: 0 | G34: 0 | H34: 0 | I34: 80 | J34: =H34-F34 -> 0 | K34: 0 | L34: =I34-G34 -> 80 | M34: 순증 | P34: 고대부두 8번선석
D35: 톤 | E35: 0 | F35: 0 | G35: 0 | H35: 0 | I35: 1384 | J35: =H35-F35 -> 0 | K35: 0 | L35: =I35-G35 -> 1384 | M35: 순증 | P35: 고대부두 8번선석
