Workbook

Sheet VXXX

Sheet 통계요약
B1: (평택·당진항)
B2: 선박입항 및 화물수송
B3: (2022.6월분)
B4: (단위 : 척, 천톤, 100% 기준)
B5: 구 분 | F5: 2021년도 | H5: 2022년도 | J5: 전년동기대비
E6: 연간누계 | F6: 6월(A) | G6: 6월누계(B) | H6: 6월(C) | I6: 6월누계(D) | J6: C-A | K6: (%) | L6: D-B | M6: (%)
B7: 선박 | C7: 계 | E7: =SUM(E8:E9) -> 16470 | F7: =SUM(F8:F9) -> 1383 | G7: =SUM(G8:G9) -> 8350 | H7: =SUM(H8:H9) -> 1333 | I7: =SUM(I8:I9) -> 8508 | J7: =H7-F7 -> -50 | K7: =H7/F7 -> 0.96384671 | L7: =I7-G7 -> 158 | M7: =I7/G7 -> 1.0189222
C8: 외 항 | E8: 10091 | F8: 867 | G8: 5072 | H8: 820 | I8: 5079 | J8: =H8-F8 -> -47 | K8: =H8/F8 -> 0.94579008 | L8: =I8-G8 -> 7 | M8: =I8/G8 -> 1.0013801
C9: 내 항 | E9: 6379 | F9: 516 | G9: 3278 | H9: 513 | I9: 3429 | J9: =H9-F9 -> -3 | K9: =H9/F9 -> 0.99418605 | L9: =I9-G9 -> 151 | M9: =I9/G9 -> 1.0460647
B10: 화물 | C10: 합 계 | E10: =E11+E15 -> 116876152 | F10: =F11+F15 -> 9250444 | G10: =G11+G15 -> 57941717 | H10: =H11+H15 -> 8993524 | I10: =I11+I15 -> 58182884 | J10: =H10-F10 -> -256920 | K10: =H10/F10 -> 0.9722262 | L10: =I10-G10 -> 241167 | M10: =I10/G10 -> 1.0041622
C11: 외항 | D11: 소계 | E11: =SUM(E12:E14) -> 104967519 | F11: =SUM(F12:F14) -> 8259395 | G11: =SUM(G12:G14) -> 52044812 | H11: =SUM(H12:H14) -> 7996612 | I11: =SUM(I12:I14) -> 51947252 | J11: =H11-F11 -> -262783 | K11: =H11/F11 -> 0.96818375 | L11: =I11-G11 -> -97560 | M11: =I11/G11 -> 0.99812546
D12: 수입 | E12: 84583157 | F12: 6577417 | G12: 41448908 | H12: 6580069 | I12: 42100308 | J12: =H12-F12 -> 2652 | K12: =H12/F12 -> 1.0004032 | L12: =I12-G12 -> 651400 | M12: =I12/G12 -> 1.0157157
D13: 수출 | E13: 15412892 | F13: 1262686 | G13: 7973200 | H13: 1088882 | I13: 7816066 | J13: =H13-F13 -> -173804 | K13: =H13/F13 -> 0.86235374 | L13: =I13-G13 -> -157134 | M13: =I13/G13 -> 0.98029223
D14: 환적 | E14: 4971470 | F14: 419292 | G14: 2622704 | H14: 327661 | I14: 2030878 | J14: =H14-F14 -> -91631 | K14: =H14/F14 -> 0.78146256 | L14: =I14-G14 -> -591826 | M14: =I14/G14 -> 0.7743451
C15: 연안 | D15: 소계 | E15: =SUM(E16:E18) -> 11908633 | F15: =SUM(F16:F18) -> 991049 | G15: =SUM(G16:G18) -> 5896905 | H15: =SUM(H16:H18) -> 996912 | I15: =SUM(I16:I18) -> 6235632 | J15: =H15-F15 -> 5863 | K15: =H15/F15 -> 1.005916 | L15: =I15-G15 -> 338727 | M15: =I15/G15 -> 1.0574415
D16: 입항 | E16: 8645260 | F16: 719886 | G16: 4250097 | H16: 732197 | I16: 4168532 | J16: =H16-F16 -> 12311 | K16: =H16/F16 -> 1.0171013 | L16: =I16-G16 -> -81565 | M16: =I16/G16 -> 0.98080867
D17: 출항 | E17: 3263373 | F17: 271163 | G17: 1646808 | H17: 264715 | I17: 2007103 | J17: =H17-F17 -> -6448 | K17: =H17/F17 -> 0.97622094 | L17: =I17-G17 -> 360295 | M17: =I17/G17 -> 1.2187839
D18: 환적 | E18: 0 | F18: 0 | G18: 0 | H18: 0 | I18: 59997 | J18: 0 | K18: 0 | L18: =I18-G18 -> 59997 | M18: 순증
K19: (단위:TEU, 100% 기준)
C20: 합 계 | E20: =SUM(E21,E25) -> 936246 | F20: =SUM(F21,F25) -> 85223 | G20: =SUM(G21,G25) -> 454690 | H20: =SUM(H21,H25) -> 68489 | I20: =SUM(I21,I25) -> 436387 | J20: =H20-F20 -> -16734 | K20: =H20/F20 -> 0.80364456 | L20: =I20-G20 -> -18303 | M20: =I20/G20 -> 0.9597462
C21: 외항 | D21: 소계 | E21: =SUM(E22:E24) -> 936246 | F21: =SUM(F22:F24) -> 85223 | G21: =SUM(G22:G24) -> 454690 | H21: =SUM(H22:H24) -> 68489 | I21: =SUM(I22:I24) -> 436387 | J21: =H21-F21 -> -16734 | K21: =H21/F21 -> 0.80364456 | L21: =I21-G21 -> -18303 | M21: =I21/G21 -> 0.9597462
B22: 컨테 | D22: 수입 | E22: 467367 | F22: 43441 | G22: 227664 | H22: 36293 | I22: 216197 | J22: =H22-F22 -> -7148 | K22: =H22/F22 -> 0.83545498 | L22: =I22-G22 -> -11467 | M22: =I22/G22 -> 0.94963191
B23: 이너 | D23: 수출 | E23: 457531 | F23: 40689 | G23: 220479 | H23: 30688 | I23: 209264 | J23: =H23-F23 -> -10001 | K23: =H23/F23 -> 0.75420875 | L23: =I23-G23 -> -11215 | M23: =I23/G23 -> 0.94913348
D24: 환적 | E24: 11348 | F24: 1093 | G24: 6547 | H24: 1508 | I24: 10926 | J24: =H24-F24 -> 415 | K24: =H24/F24 -> 1.3796889 | L24: =I24-G24 -> 4379 | M24: =I24/G24 -> 1.668856
C25: 연안 | D25: 소계 | E25: =SUM(E26:E27) -> 0 | F25: =SUM(F26:F27) -> 0 | G25: =SUM(G26:G27) -> 0 | H25: 0 | I25: =SUM(I26:I27) -> 0 | J25: =H25-F25 -> 0 | K25: 0 | L25: =I25-G25 -> 0 | M25: 0
D26: 소계 | E26: 0 | F26: 0 | G26: 0 | H26: 0 | I26: 0 | J26: =H26-F26 -> 0 | K26: 0 | L26: =I26-G26 -> 0 | M26: 0
D27: 소계 | E27: 0 | F27: 0 | G27: 0 | H27: 0 | I27: 0 | J27: =H27-F27 -> 0 | K27: 0 | L27: =I27-G27 -> 0 | M27: 0
B28: 자동차(대) | E28: 1429401 | F28: 119180 | G28: 736457 | H28: 112428 | I28: 775416 | J28: =H28-F28 -> -6752 | K28: =H28/F28 -> 0.9433462 | L28: =I28-G28 -> 38959 | M28: =I28/G28 -> 1.0529006
A30: □ 전년 동기대비 비교표
B31: (화물) | H31: (컨테이너)

Sheet 연도별 수송실적
A1: ■ 연도별 수송실적
F2: (단위 : 척) | M2: (단위 : 천톤)
A3: 구분 | B3: 17 | C3: 18 | D3: 19 | E3: 20 | F3: 21 | G3: 22.06 | H3: 구분 | I3: 17 | J3: 18 | K3: 19 | L3: 20 | M3: 21 | N3: =$G$3 -> 22.06
A4: 선박입출항 | B4: 19440 | C4: 18829 | D4: 18416 | E4: 17326 | F4: 16412 | G4: =통계요약!I7 -> 8508 | H4: 화물입출항 | I4: 112491 | J4: 115147 | K4: 113201 | L4: 106845 | M4: 116876 | N4: =통계요약!I10 -> 58182884
F5: (단위 : TEU) | M5: (단위 : 명)
A6: 구분 | B6: 17 | C6: 18 | D6: 19 | E6: 20 | F6: 21 | G6: =$G$3 -> 22.06 | H6: 구분 | I6: 17 | J6: 18 | K6: 19 | L6: 20 | M6: 21 | N6: =$G$3 -> 22.06
A7: 컨테이너 | B7: 643233 | C7: 689852 | D7: 725047 | E7: 792643 | F7: 936246 | G7: =통계요약!I20 -> 436387 | H7: 여 객 | I7: 482428 | J7: 452480 | K7: 623733 | L7: 40267 | M7: 0 | N7: 0 | AA7: =(19166/188141)^(1/4)-1 -> -0.4350474
A12: □ 연도별 추이
A13: (선박입출항) | H13: (화물입출항)
A23: (컨테이너) | H23: (여객)

Sheet 컨테이너 재게(6월)
A1: □ 부두별 컨테이너 물동량
A2: 구 분 | D2: 단위 | F2: 2021년도 | H2: 2022년도 | J2: 전년동기대비
E3: 연간누계 | F3: =통계요약!F6 -> 6월(A) | G3: =통계요약!G6 -> 6월누계(B) | H3: =통계요약!H6 -> 6월(C) | I3: =통계요약!I6 -> 6월누계(D) | J3: C-A | K3: (%) | L3: D-B | M3: (%)
A4: 합 계 | D4: TEU | E4: =SUM(E6,E8,E10,E12,E14,E16,E18,E22,E20,E26,E28,E30,E32,E24,E34) -> 936246 | F4: =SUM(F6,F8,F10,F12,F14,F16,F18,F22,F20,F26,F28,F30,F32,F24,F34) -> 85223 | G4: =SUM(G6,G8,G10,G12,G14,G16,G18,G22,G20,G26,G28,G30,G32,G24,G34) -> 454690 | H4: =SUM(H6,H8,H10,H12,H14,H16,H18,H22,H20,H26,H28,H30,H32,H24,H34) -> 68489 | I4: =SUM(I6,I8,I10,I12,I14,I16,I18,I22,I20,I26,I28,I30,I32,I24,I34) -> 436387 | J4: =H4-F4 -> -16734 | K4: =(H4/F4*100)-100 -> -19.635544 | L4: =I4-G4 -> -18303 | M4: =(I4/G4*100)-100 -> -4.0253799
D5: 톤 | E5: =SUM(E7,E9,E11,E13,E15,E17,E19,E21,E23,E27,E29,E31,E33,E25) -> 14361448 | F5: =SUM(F7,F9,F11,F13,F15,F17,F19,F21,F23,F27,F29,F31,F33,F25,F35) -> 1265764 | G5: =SUM(G7,G9,G11,G13,G15,G17,G19,G21,G23,G27,G29,G31,G33,G25,G35) -> 6922742 | H5: =SUM(H7,H9,H11,H13,H15,H17,H19,H21,H23,H27,H29,H31,H33,H25,H35) -> 1106261 | I5: =SUM(I7,I9,I11,I13,I15,I17,I19,I21,I23,I27,I29,I31,I33,I25,I35) -> 6834299 | J5: =H5-F5 -> -159503 | K5: =(H5/F5*100)-100 -> -12.601322 | L5: =I5-G5 -> -88443 | M5: =(I5/G5*100)-100 -> -1.2775718
A6: 국제여객부두1번 | D6: TEU | E6: 54806 | F6: 4764 | G6: 26289 | H6: 4141 | I6: 28049 | J6: =H6-F6 -> -623 | K6: =(H6/F6*100)-100 -> -13.077246 | L6: =I6-G6 -> 1760 | M6: =(I6/G6*100)-100 -> 6.6948153 | P6: 국제여객부두 1번선석
D7: 톤 | E7: 1010788 | F7: 83324 | G7: 478387 | H7: 76942 | I7: 528971 | J7: =H7-F7 -> -6382 | K7: =(H7/F7*100)-100 -> -7.6592578 | L7: =I7-G7 -> 50584 | M7: =(I7/G7*100)-100 -> 10.573866 | P7: 국제여객부두 1번선석
A8: 국제여객부두2번 | D8: TEU | E8: 73319 | F8: 5955 | G8: 33921 | H8: 4788 | I8: 34832 | J8: =H8-F8 -> -1167 | K8: =(H8/F8*100)-100 -> -19.596977 | L8: =I8-G8 -> 911 | M8: =(I8/G8*100)-100 -> 2.685652 | P8: 국제여객부두 2번선석
D9: 톤 | E9: 1108270 | F9: 92985 | G9: 531424 | H9: 71122 | I9: 525803 | J9: =H9-F9 -> -21863 | K9: =(H9/F9*100)-100 -> -23.512394 | L9: =I9-G9 -> -5621 | M9: =(I9/G9*100)-100 -> -1.0577242 | P9: 국제여객부두 2번선석
A10: 동부두 1 | D10: TEU | E10: 32 | F10: 0 | G10: 12 | H10: 0 | I10: 11 | J10: =H10-F10 -> 0 | K10: 0 | L10: =I10-G10 -> -1 | M10: 0 | P10: 동부두 1번선석
D11: 톤 | E11: 760 | F11: 0 | G11: 310 | H11: 0 | I11: 39 | J11: =H11-F11 -> 0 | K11: 0 | L11: =I11-G11 -> -271 | M11: 0 | P11: 동부두 1번선석
A12: 동부두 5 | D12: TEU | E12: 0 | F12: 0 | G12: 0 | H12: 0 | I12: 0 | J12: =H12-F12 -> 0 | K12: 0 | L12: =I12-G12 -> 0 | M12: 0 | P12: 동부두 5번선석
D13: 톤 | E13: 0 | F13: 0 | G13: 0 | H13: 0 | I13: 0 | J13: =H13-F13 -> 0 | K13: 0 | L13: =I13-G13 -> 0 | M13: 0 | P13: 동부두 5번선석
A14: 동부두 6 | D14: TEU | E14: 113070 | F14: 12026 | G14: 56858 | H14: 11002 | I14: 63424 | J14: =H14-F14 -> -1024 | K14: =(H14/F14*100)-100 -> -8.5148844 | L14: =I14-G14 -> 6566 | M14: =(I14/G14*100)-100 -> 11.548067 | P14: 동부두 6번선석
D15: 톤 | E15: 1740430 | F15: 185871 | G15: 846166 | H15: 203336 | I15: 1011200 | J15: =H15-F15 -> 17465 | K15: =(H15/F15*100)-100 -> 9.3963017 | L15: =I15-G15 -> 165034 | M15: =(I15/G15*100)-100 -> 19.503738 | P15: 동부두 6번선석
A16: 동부두 7 | D16: TEU | E16: 257133 | F16: 23643 | G16: 132645 | H16: 17645 | I16: 111648 | J16: =H16-F16 -> -5998 | K16: =(H16/F16*100)-100 -> -25.369031 | L16: =I16-G16 -> -20997 | M16: =(I16/G16*100)-100 -> -15.82947 | P16: 동부두 7번선석
D17: 톤 | E17: 3567347 | F17: 326098 | G17: 1850053 | H17: 270408 | I17: 1584849 | J17: =H17-F17 -> -55690 | K17: =(H17/F17*100)-100 -> -17.077688 | L17: =I17-G17 -> -265204 | M17: =(I17/G17*100)-100 -> -14.334941 | P17: 동부두 7번선석
A18: 동부두 8 | D18: TEU | E18: 148930 | F18: 15438 | G18: 75879 | H18: 8763 | I18: 61459 | J18: =H18-F18 -> -6675 | K18: =(H18/F18*100)-100 -> -43.237466 | L18: =I18-G18 -> -14420 | M18: =(I18/G18*100)-100 -> -19.00394 | P18: 동부두 8번선석
D19: 톤 | E19: 2355281 | F19: 217940 | G19: 1189402 | H19: 146942 | I19: 1004744 | J19: =H19-F19 -> -70998 | K19: =(H19/F19*100)-100 -> -32.576856 | L19: =I19-G19 -> -184658 | M19: =(I19/G19*100)-100 -> -15.525281 | P19: 동부두 8번선석
A20: 동부두 9 | D20: TEU | E20: 0 | F20: 0 | G20: 0 | H20: 0 | I20: 0 | J20: =H20-F20 -> 0 | K20: 0 | L20: =I20-G20 -> 0 | M20: 0 | P20: 동부두 9번선석
D21: 톤 | E21: 0 | F21: 0 | G21: 0 | H21: 0 | I21: 0 | J21: =H21-F21 -> 0 | K21: 0 | L21: =I21-G21 -> 0 | M21: 0 | P21: 동부두 9번선석
A22: 동부두 10 | D22: TEU | E22: 8 | F22: 0 | G22: 0 | H22: 0 | I22: 0 | J22: =H22-F22 -> 0 | K22: 0 | L22: =I22-G22 -> 0 | M22: 0 | P22: 동부두 10번선석
D23: 톤 | E23: 43 | F23: 0 | G23: 0 | H23: 0 | I23: 0 | J23: =H23-F23 -> 0 | K23: 0 | L23: =I23-G23 -> 0 | M23: 0 | P23: 동부두 10번선석
A24: 동부두 11 | D24: TEU | E24: 43 | F24: 0 | G24: 16 | H24: 0 | I24: 34 | J24: =H24-F24 -> 0 | K24: 0 | L24: =I24-G24 -> 18 | M24: 0 | P24: 동부두 11번선석
D25: 톤 | E25: 492 | F25: 0 | G25: 129 | H25: 0 | I25: 244 | J25: =H25-F25 -> 0 | K25: 0 | L25: =I25-G25 -> 115 | M25: 0 | P25: 동부두 11번선석
A26: 동부두 12 | D26: TEU | E26: 478 | F26: 68 | G26: 176 | H26: 0 | I26: 212 | J26: =H26-F26 -> -68 | K26: =(H26/F26*100)-100 -> -100 | L26: =I26-G26 -> 36 | M26: =(I26/G26*100)-100 -> 20.454545 | P26: 동부두 12번선석
D27: 톤 | E27: 2537 | F27: 602 | G27: 1567 | H27: 0 | I27: 1888 | J27: =H27-F27 -> -602 | K27: =(H27/F27*100)-100 -> -100 | L27: =I27-G27 -> 321 | M27: =(I27/G27*100)-100 -> 20.485003 | P27: 동부두 12번선석
A28: 동부두 14 | D28: TEU | E28: 95587 | F28: 8111 | G28: 42883 | H28: 7688 | I28: 46411 | J28: =H28-F28 -> -423 | K28: =(H28/F28*100)-100 -> -5.2151399 | L28: =I28-G28 -> 3528 | M28: =(I28/G28*100)-100 -> 8.2270364 | P28: 동부두 14번선석
D29: 톤 | E29: 1614394 | F29: 136902 | G29: 699276 | H29: 128895 | I29: 811997 | J29: =H29-F29 -> -8007 | K29: =(H29/F29*100)-100 -> -5.8487093 | L29: =I29-G29 -> 112721 | M29: =(I29/G29*100)-100 -> 16.119672 | P29: 동부두 14번선석
A30: 동부두 15 | D30: TEU | E30: 139949 | F30: 10231 | G30: 58852 | H30: 11057 | I30: 66870 | J30: =H30-F30 -> 826 | K30: =(H30/F30*100)-100 -> 8.0735021 | L30: =I30-G30 -> 8018 | M30: =(I30/G30*100)-100 -> 13.624006 | P30: 동부두 15번선석
D31: 톤 | E31: 2096293 | F31: 147737 | G31: 895092 | H31: 154620 | I31: 974810 | J31: =H31-F31 -> 6883 | K31: =(H31/F31*100)-100 -> 4.6589548 | L31: =I31-G31 -> 79718 | M31: =(I31/G31*100)-100 -> 8.9061236 | P31: 동부두 15번선석
A32: 동부두 16 | D32: TEU | E32: 52891 | F32: 4987 | G32: 27159 | H32: 3405 | I32: 23357 | J32: =H32-F32 -> -1582 | K32: =(H32/F32*100)-100 -> -31.722478 | L32: =I32-G32 -> -3802 | M32: =(I32/G32*100)-100 -> -13.999043 | P32: 동부두 16번선석
D33: 톤 | E33: 864813 | F33: 74305 | G33: 430936 | H33: 53996 | I33: 388370 | J33: =H33-F33 -> -20309 | K33: =(H33/F33*100)-100 -> -27.331943 | L33: =I33-G33 -> -42566 | M33: =(I33/G33*100)-100 -> -9.8775688 | P33: 동부두 16번선석
A34: 고대부두 8 | D34: TEU | E34: 0 | F34: 0 | G34: 0 | H34: 0 | I34: 80 | J34: =H34-F34 -> 0 | K34: 0 | L34: =I34-G34 -> 80 | M34: 순증 | P34: 고대부두 8번선석
D35: 톤 | E35: 0 | F35: 0 | G35: 0 | H35: 0 | I35: 1384 | J35: =H35-F35 -> 0 | K35: 0 | L35: =I35-G35 -> 1384 | M35: 순증 | P35: 고대부두 8번선석

Sheet 컨테이너 재게(5월)
A1: □ 부두별 컨테이너 물동량
A2: 구 분 | D2: 단위 | F2: 2021년도 | H2: 2022년도 | J2: 전년동기대비
E3: 연간누계 | F3: 5월(A) | G3: 5월누계(B) | H3: 5월(C) | I3: 5월누계(D) | J3: C-A | K3: (%) | L3: D-B | M3: (%)
A4: 합 계 | D4: TEU | E4: =SUM(E6,E8,E10,E12,E14,E16,E18,E22,E20,E26,E28,E30,E32,E24,E34) -> 936246 | F4: =SUM(F6,F8,F10,F12,F14,F16,F18,F22,F20,F26,F28,F30,F32,F24,F34) -> 80508 | G4: =SUM(G6,G8,G10,G12,G14,G16,G18,G22,G20,G26,G28,G30,G32,G24,G34) -> 369467 | H4: =SUM(H6,H8,H10,H12,H14,H16,H18,H22,H20,H26,H28,H30,H32,H24,H34) -> 88782 | I4: =SUM(I6,I8,I10,I12,I14,I16,I18,I22,I20,I26,I28,I30,I32,I24,I34) -> 367898 | J4: =H4-F4 -> 8274 | K4: =(H4/F4*100)-100 -> 10.27724 | L4: =I4-G4 -> -1569 | M4: =(I4/G4*100)-100 -> -0.4246658
D5: 톤 | E5: =SUM(E7,E9,E11,E13,E15,E17,E19,E21,E23,E27,E29,E31,E33,E25) -> 14361448 | F5: =SUM(F7,F9,F11,F13,F15,F17,F19,F21,F23,F27,F29,F31,F33,F25,F35) -> 1210801 | G5: =SUM(G7,G9,G11,G13,G15,G17,G19,G21,G23,G27,G29,G31,G33,G25,G35) -> 5656978 | H5: =SUM(H7,H9,H11,H13,H15,H17,H19,H21,H23,H27,H29,H31,H33,H25,H35) -> 1355145 | I5: =SUM(I7,I9,I11,I13,I15,I17,I19,I21,I23,I27,I29,I31,I33,I25,I35) -> 5728038 | J5: =H5-F5 -> 144344 | K5: =(H5/F5*100)-100 -> 11.921364 | L5: =I5-G5 -> 71060 | M5: =(I5/G5*100)-100 -> 1.2561477
A6: 국제여객부두1번 | D6: TEU | E6: 54806 | F6: 4928 | G6: 21525 | H6: 5223 | I6: 23908 | J6: =H6-F6 -> 295 | K6: =(H6/F6*100)-100 -> 5.9862013 | L6: =I6-G6 -> 2383 | M6: =(I6/G6*100)-100 -> 11.070848 | P6: 국제여객부두 1번선석
D7: 톤 | E7: 1010788 | F7: 92297 | G7: 395063 | H7: 99271 | I7: 452029 | J7: =H7-F7 -> 6974 | K7: =(H7/F7*100)-100 -> 7.5560419 | L7: =I7-G7 -> 56966 | M7: =(I7/G7*100)-100 -> 14.419472 | P7: 국제여객부두 1번선석
A8: 국제여객부두2번 | D8: TEU | E8: 73319 | F8: 4279 | G8: 27966 | H8: 7203 | I8: 30044 | J8: =H8-F8 -> 2924 | K8: =(H8/F8*100)-100 -> 68.333723 | L8: =I8-G8 -> 2078 | M8: =(I8/G8*100)-100 -> 7.4304513 | P8: 국제여객부두 2번선석
D9: 톤 | E9: 1108270 | F9: 65462 | G9: 438439 | H9: 102975 | I9: 454681 | J9: =H9-F9 -> 37513 | K9: =(H9/F9*100)-100 -> 57.305001 | L9: =I9-G9 -> 16242 | M9: =(I9/G9*100)-100 -> 3.7045062 | P9: 국제여객부두 2번선석
A10: 동부두 1 | D10: TEU | E10: 32 | G10: 12 | I10: 11 | J10: =H10-F10 -> 0 | K10: 0 | L10: =I10-G10 -> -1 | M10: 0 | P10: 동부두 1번선석
D11: 톤 | E11: 760 | G11: 310 | I11: 39 | J11: =H11-F11 -> 0 | K11: 0 | L11: =I11-G11 -> -271 | M11: 0 | P11: 동부두 1번선석
A12: 동부두 5 | D12: TEU | E12: 0 | J12: =H12-F12 -> 0 | K12: 0 | L12: =I12-G12 -> 0 | M12: 0 | P12: 동부두 5번선석
D13: 톤 | E13: 0 | J13: =H13-F13 -> 0 | K13: 0 | L13: =I13-G13 -> 0 | M13: 0 | P13: 동부두 5번선석
A14: 동부두 6 | D14: TEU | E14: 113070 | F14: 12333 | G14: 44832 | H14: 11276 | I14: 52422 | J14: =H14-F14 -> -1057 | K14: =(H14/F14*100)-100 -> -8.5705019 | L14: =I14-G14 -> 7590 | M14: =(I14/G14*100)-100 -> 16.929872 | P14: 동부두 6번선석
D15: 톤 | E15: 1740430 | F15: 177871 | G15: 660295 | H15: 175390 | I15: 807864 | J15: =H15-F15 -> -2481 | K15: =(H15/F15*100)-100 -> -1.3948311 | L15: =I15-G15 -> 147569 | M15: =(I15/G15*100)-100 -> 22.34895 | P15: 동부두 6번선석
A16: 동부두 7 | D16: TEU | E16: 257133 | F16: 20485 | G16: 109002 | H16: 26794 | I16: 94003 | J16: =H16-F16 -> 6309 | K16: =(H16/F16*100)-100 -> 30.798145 | L16: =I16-G16 -> -14999 | M16: =(I16/G16*100)-100 -> -13.760298 | P16: 동부두 7번선석
D17: 톤 | E17: 3567347 | F17: 281796 | G17: 1523955 | H17: 369029 | I17: 1314441 | J17: =H17-F17 -> 87233 | K17: =(H17/F17*100)-100 -> 30.956082 | L17: =I17-G17 -> -209514 | M17: =(I17/G17*100)-100 -> -13.748044 | P17: 동부두 7번선석
A18: 동부두 8 | D18: TEU | E18: 148930 | F18: 14229 | G18: 60441 | H18: 12116 | I18: 52696 | J18: =H18-F18 -> -2113 | K18: =(H18/F18*100)-100 -> -14.849954 | L18: =I18-G18 -> -7745 | M18: =(I18/G18*100)-100 -> -12.814149 | P18: 동부두 8번선석
D19: 톤 | E19: 2355281 | F19: 211996 | G19: 971462 | H19: 200837 | I19: 857802 | J19: =H19-F19 -> -11159 | K19: =(H19/F19*100)-100 -> -5.2637786 | L19: =I19-G19 -> -113660 | M19: =(I19/G19*100)-100 -> -11.699892 | P19: 동부두 8번선석
A20: 동부두 9 | D20: TEU | E20: 0 | J20: =H20-F20 -> 0 | K20: 0 | L20: =I20-G20 -> 0 | M20: 0 | P20: 동부두 9번선석
D21: 톤 | E21: 0 | J21: =H21-F21 -> 0 | K21: 0 | L21: =I21-G21 -> 0 | M21: 0 | P21: 동부두 9번선석
A22: 동부두 10 | D22: TEU | E22: 8 | J22: =H22-F22 -> 0 | K22: 0 | L22: =I22-G22 -> 0 | M22: 0 | P22: 동부두 10번선석
D23: 톤 | E23: 43 | J23: =H23-F23 -> 0 | K23: 0 | L23: =I23-G23 -> 0 | M23: 0 | P23: 동부두 10번선석
A24: 동부두 11 | D24: TEU | E24: 43 | G24: 16 | I24: 34 | J24: =H24-F24 -> 0 | K24: 0 | L24: =I24-G24 -> 18 | M24: 0 | P24: 동부두 11번선석
D25: 톤 | E25: 492 | G25: 129 | I25: 244 | J25: =H25-F25 -> 0 | K25: 0 | L25: =I25-G25 -> 115 | M25: 0 | P25: 동부두 11번선석
A26: 동부두 12 | D26: TEU | E26: 478 | F26: 10 | G26: 108 | I26: 212 | J26: =H26-F26 -> -10 | K26: =(H26/F26*100)-100 -> -100 | L26: =I26-G26 -> 104 | M26: =(I26/G26*100)-100 -> 96.296296 | P26: 동부두 12번선석
D27: 톤 | E27: 2537 | G27: 965 | I27: 1888 | J27: =H27-F27 -> 0 | K27: =(H27/F27*100)-100 -> #DIV/0! | L27: =I27-G27 -> 923 | M27: =(I27/G27*100)-100 -> 95.647668 | P27: 동부두 12번선석
A28: 동부두 14 | D28: TEU | E28: 95587 | F28: 7970 | G28: 34772 | H28: 9237 | I28: 38723 | J28: =H28-F28 -> 1267 | K28: =(H28/F28*100)-100 -> 15.897114 | L28: =I28-G28 -> 3951 | M28: =(I28/G28*100)-100 -> 11.362591 | P28: 동부두 14번선석
D29: 톤 | E29: 1614394 | F29: 126713 | G29: 562374 | H29: 154475 | I29: 683102 | J29: =H29-F29 -> 27762 | K29: =(H29/F29*100)-100 -> 21.909354 | L29: =I29-G29 -> 120728 | M29: =(I29/G29*100)-100 -> 21.467564 | P29: 동부두 14번선석
A30: 동부두 15 | D30: TEU | E30: 139949 | F30: 12292 | G30: 48621 | H30: 12663 | I30: 55813 | J30: =H30-F30 -> 371 | K30: =(H30/F30*100)-100 -> 3.0182232 | L30: =I30-G30 -> 7192 | M30: =(I30/G30*100)-100 -> 14.791962 | P30: 동부두 15번선석
D31: 톤 | E31: 2096293 | F31: 187695 | G31: 747355 | H31: 183552 | I31: 820190 | J31: =H31-F31 -> -4143 | K31: =(H31/F31*100)-100 -> -2.2073044 | L31: =I31-G31 -> 72835 | M31: =(I31/G31*100)-100 -> 9.7457032 | P31: 동부두 15번선석
A32: 동부두 16 | D32: TEU | E32: 52891 | F32: 3982 | G32: 22172 | H32: 4270 | I32: 19952 | J32: =H32-F32 -> 288 | K32: =(H32/F32*100)-100 -> 7.2325465 | L32: =I32-G32 -> -2220 | M32: =(I32/G32*100)-100 -> -10.012629 | P32: 동부두 16번선석
D33: 톤 | E33: 864813 | F33: 66971 | G33: 356631 | H33: 69616 | I33: 334374 | J33: =H33-F33 -> 2645 | K33: =(H33/F33*100)-100 -> 3.9494707 | L33: =I33-G33 -> -22257 | M33: =(I33/G33*100)-100 -> -6.2409045 | P33: 동부두 16번선석
A34: 고대부두 8 | D34: TEU | E34: 0 | I34: 80 | J34: =H34-F34 -> 0 | K34: 0 | L34: =I34-G34 -> 80 | M34: 순증 | P34: 고대부두 8번선석
D35: 톤 | E35: 0 | I35: 1384 | J35: =H35-F35 -> 0 | K35: 0 | L35: =I35-G35 -> 1384 | M35: 순증 | P35: 고대부두 8번선석
