Workbook

Sheet VXXX

Sheet 통계요약
B3: 항만운영통계(5월)
K5: (단위 : 척, 천톤, 100% 기준)
B6: 구 분 | F6: 2024년도 | H6: 2025년도 | J6: 전년동기대비
E7: 연간누계 | F7: 5월(A) | G7: 5월누계(B) | H7: 5월(C) | I7: 5월누계(D) | J7: C-A | K7: (%) | L7: D-B | M7: (%)
B8: 선박 | C8: 계 | E8: =SUM(E9:E10) -> 17502 | F8: =SUM(F9:F10) -> 1439 | G8: =SUM(G9:G10) -> 7100 | H8: =SUM(H9:H10) -> 1570 | I8: =SUM(I9:I10) -> 5736 | J8: =H8-F8 -> 131 | K8: =H8/F8 -> 1.0910354 | L8: =I8-G8 -> -1364 | M8: =I8/G8 -> 0.80788732
C9: 외 항 | E9: 10370 | F9: 915 | G9: 4353 | H9: =440+452 -> 892 | I9: =1698+1697 -> 3395 | J9: =H9-F9 -> -23 | K9: =H9/F9 -> 0.97486339 | L9: =I9-G9 -> -958 | M9: =I9/G9 -> 0.77992189
C10: 내 항 | E10: 7132 | F10: 524 | G10: 2747 | H10: =338+340 -> 678 | I10: =1178+1163 -> 2341 | J10: =H10-F10 -> 154 | K10: =H10/F10 -> 1.2938931 | L10: =I10-G10 -> -406 | M10: =I10/G10 -> 0.8522024 | O10: `
B11: 화물 | C11: 합 계 | E11: =E12+E16 -> 116714212 | F11: =F12+F16 -> 9513589 | G11: =G12+G16 -> 48694823 | H11: =H12+H16 -> 9588126 | I11: =I12+I16 -> 47570087 | J11: =H11-F11 -> 74537 | K11: =H11/F11 -> 1.0078348 | L11: =I11-G11 -> -1124736 | M11: =I11/G11 -> 0.97690235
C12: 외항 | D12: 소계 | E12: =SUM(E13:E15) -> 106101439 | F12: =SUM(F13:F15) -> 8683661 | G12: =SUM(G13:G15) -> 44198270 | H12: =SUM(H13:H15) -> 8629286 | I12: =SUM(I13:I15) -> 43265100 | J12: =H12-F12 -> -54375 | K12: =H12/F12 -> 0.99373824 | L12: =I12-G12 -> -933170 | M12: =I12/G12 -> 0.97888673
D13: 수입 | E13: 86063790 | F13: 6847608 | G13: 35841577 | H13: 6783325 | I13: =7265437+5866795+7390254+7172456+6783325 -> 34478267 | J13: =H13-F13 -> -64283 | K13: =H13/F13 -> 0.99061234 | L13: =I13-G13 -> -1363310 | M13: =I13/G13 -> 0.96196289
D14: 수출 | E14: 17423605 | F14: 1608474 | G14: 7226712 | H14: 1653027 | I14: =1421273+1409756+1704227+1683210+1653027 -> 7871493 | J14: =H14-F14 -> 44553 | K14: =H14/F14 -> 1.0276989 | L14: =I14-G14 -> 644781 | M14: =I14/G14 -> 1.0892219
D15: 환적 | E15: 2614044 | F15: 227579 | G15: 1129981 | H15: =103189+89745 -> 192934 | I15: =70944+59464+132811+109897+143400+101594+88243+119242+89745 -> 915340 | J15: =H15-F15 -> -34645 | K15: =H15/F15 -> 0.84776715 | L15: =I15-G15 -> -214641 | M15: =I15/G15 -> 0.81004902
C16: 연안 | D16: 소계 | E16: =SUM(E17:E19) -> 10612773 | F16: =SUM(F17:F19) -> 829928 | G16: =SUM(G17:G19) -> 4496553 | H16: =SUM(H17:H19) -> 958840 | I16: =SUM(I17:I19) -> 4304987 | J16: =H16-F16 -> 128912 | K16: =H16/F16 -> 1.1553291 | L16: =I16-G16 -> -191566 | M16: =I16/G16 -> 0.95739714
D17: 입항 | E17: 7573836 | F17: 620595 | G17: 3188175 | H17: 693951 | I17: =619030+510047+650054+623142+693951 -> 3096224 | J17: =H17-F17 -> 73356 | K17: =H17/F17 -> 1.1182027 | L17: =I17-G17 -> -91951 | M17: =I17/G17 -> 0.97115874
D18: 출항 | E18: 3038937 | F18: 209333 | G18: 1308378 | H18: 264889 | I18: =239646+194603+273105+236520+264889 -> 1208763 | J18: =H18-F18 -> 55556 | K18: =H18/F18 -> 1.2653953 | L18: =I18-G18 -> -99615 | M18: =I18/G18 -> 0.92386375
D19: 환적 | E19: 0 | F19: 0 | G19: 0 | H19: 0 | I19: 0 | J19: =H19-F19 -> 0 | K19: 0 | L19: =I19-G19 -> 0 | M19: 순증
K20: (단위:TEU, 100% 기준)
B21: 컨테이너 | C21: 합 계 | E21: =SUM(E22,E26) -> 924735.5 | F21: =SUM(F22,F26) -> 80320 | G21: =SUM(G22,G26) -> 369077 | H21: =SUM(H22,H26) -> 76756 | I21: =SUM(I22,I26) -> 375708 | J21: =H21-F21 -> -3564 | K21: =H21/F21 -> 0.95562749 | L21: =I21-G21 -> 6631 | M21: =I21/G21 -> 1.0179664
C22: 외항 | D22: 소계 | E22: =SUM(E23:E25) -> 924735.5 | F22: =SUM(F23:F25) -> 80320 | G22: =SUM(G23:G25) -> 369077 | H22: =SUM(H23:H25) -> 76756 | I22: =SUM(I23:I25) -> 375708 | J22: =H22-F22 -> -3564 | K22: =H22/F22 -> 0.95562749 | L22: =I22-G22 -> 6631 | M22: =I22/G22 -> 1.0179664
D23: 수입 | E23: 453945.75 | F23: 39011 | G23: 185758 | H23: 38006 | I23: 186857 | J23: =H23-F23 -> -1005 | K23: =H23/F23 -> 0.97423804 | L23: =I23-G23 -> 1099 | M23: =I23/G23 -> 1.0059163
D24: 수출 | E24: 456908.25 | F24: 40351 | G24: 179237 | H24: 37651 | I24: 182830 | J24: =H24-F24 -> -2700 | K24: =H24/F24 -> 0.93308716 | L24: =I24-G24 -> 3593 | M24: =I24/G24 -> 1.0200461
D25: 환적 | E25: 13881.5 | F25: 958 | G25: 4082 | H25: 1099 | I25: 6021 | J25: =H25-F25 -> 141 | K25: =H25/F25 -> 1.1471816 | L25: =I25-G25 -> 1939 | M25: =I25/G25 -> 1.4750122
C26: 연안 | D26: 소계 | E26: =SUM(E27:E28) -> 0 | F26: =SUM(F27:F28) -> 0 | G26: =SUM(G27:G28) -> 0 | H26: 0 | I26: =SUM(I27:I28) -> 0 | J26: =H26-F26 -> 0 | K26: 0 | L26: =I26-G26 -> 0 | M26: 0
D27: 소계 | E27: 0 | F27: 0 | G27: 0 | H27: 0 | I27: 0 | J27: =H27-F27 -> 0 | K27: 0 | L27: =I27-G27 -> 0 | M27: 0
D28: 소계 | E28: 0 | F28: 0 | G28: 0 | H28: 0 | I28: 0 | J28: =H28-F28 -> 0 | K28: 0 | L28: =I28-G28 -> 0 | M28: 0
B29: 자동차(대) | E29: 1560628 | F29: 142270 | G29: 672226 | H29: 142850 | I29: =99612+118713+141523+152936+142850 -> 655634 | J29: =H29-F29 -> 580 | K29: =H29/F29 -> 1.0040768 | L29: =I29-G29 -> -16592 | M29: =I29/G29 -> 0.97531782

Sheet 연도별 수송실적
B3: 연도별 수송실적
G5: (단위 : 척) | O5: (단위 : 천톤)
B6: 구 분 | C6: 2020 | D6: 2021 | E6: 2022 | F6: 2023 | G6: 2024 | H6: 2025.5. | J6: 구 분 | K6: 2020 | L6: 2021 | M6: 2022 | N6: 2023 | O6: 2024 | P6: =$H$6 -> 2025.5.
B7: 선박 입출항 | C7: 17409 | D7: 16473 | E7: 16626 | F7: 17324 | G7: 17502 | H7: =통계요약!I8 -> 5736 | J7: 화물 입출항 | K7: 106847350 | L7: 116876152 | M7: 116171568 | N7: 116607017 | O7: 116714212 | P7: =통계요약!I11 -> 47570087
G8: (단위 : TEU) | O8: (단위 : 명)
B9: 구 분 | C9: 2020 | D9: 2021 | E9: 2022 | F9: 2023 | G9: 2024 | H9: =$H$6 -> 2025.5. | J9: 구 분 | K9: 2020 | L9: 2021 | M9: 2022 | N9: 2023 | O9: 2024 | P9: =$H$6 -> 2025.5.
B10: 컨테이너 | C10: 792643 | D10: 936246 | E10: 851953 | F10: 820289 | G10: 924735.5 | H10: =통계요약!I21 -> 375708 | J10: 여 객 | K10: 40267 | L10: 0 | M10: 0 | N10: 0 | O10: 0
B12: □ 연도별 추이
B13: (선박입출항) | J13: (화물입출항)
B23: (컨테이너) | J23: (여 객)

Sheet 컨테이너 재게
B3: 부두별 컨테이너 물동량(5월)
B6: 구 분 | C6: 단위 | D6: 2024년도 | G6: 2025년도 | I6: 전년동기대비 | X6: `
D7: 연간누계 | E7: =통계요약!F7 -> 5월(A) | F7: =통계요약!G7 -> 5월누계(B) | G7: =통계요약!H7 -> 5월(C) | H7: =통계요약!I7 -> 5월누계(D) | I7: C-A | J7: (%) | K7: D-B | L7: (%)
B8: 합 계 | C8: TEU | D8: =SUM(D10,D12,D14,D16,D18,D20,D22,D26,D24,D30,D32,D34,D36,D28) -> 924735.5 | E8: =SUM(E10,E12,E14,E16,E18,E20,E22,E26,E24,E30,E32,E34,E36,E28) -> 80320 | F8: =SUM(F10,F12,F14,F16,F18,F20,F22,F26,F24,F30,F32,F34,F36,F28) -> 369077 | G8: =SUM(G10,G12,G14,G16,G18,G20,G22,G26,G24,G30,G32,G34,G36,G28,) -> 76756 | H8: =SUM(H10,H12,H14,H16,H18,H20,H22,H26,H24,H30,H32,H34,H36,H28,) -> 375708 | I8: =G8-E8 -> -3564 | J8: =(G8/E8*100)-100 -> -4.437251 | K8: =H8-F8 -> 6631 | L8: =(H8/F8*100)-100 -> 1.7966441
C9: 톤 | D9: =SUM(D11,D13,D15,D17,D19,D21,D23,D25,D27,D31,D33,D35,D37,D29) -> 14055928 | E9: =SUM(E11,E13,E15,E17,E19,E21,E23,E25,E27,E31,E33,E35,E37,E29) -> 1187146 | F9: =SUM(F11,F13,F15,F17,F19,F21,F23,F25,F27,F31,F33,F35,F37,F29) -> 5579913 | G9: =SUM(G11,G13,G15,G17,G19,G21,G23,G25,G27,G31,G33,G35,G37,G29) -> 1201367 | H9: =SUM(H11,H13,H15,H17,H19,H21,H23,H25,H27,H31,H33,H35,H37,H29) -> 5834368 | I9: =G9-E9 -> 14221 | J9: =(G9/E9*100)-100 -> 1.197915 | K9: =H9-F9 -> 254455 | L9: =(H9/F9*100)-100 -> 4.5601965
B10: 국제여객부두1번 | C10: TEU | D10: 53912 | E10: 4926 | F10: 22437 | H10: 13137 | I10: =IFERROR(G10-E10,"-") -> -4926 | J10: =IFERROR((G10/E10*100)-100,"-") -> -100 | K10: =IFERROR(H10-F10,"-") -> -9300 | L10: =IFERROR((H10/F10*100)-100,"-") -> -41.449392 | O10: 국제여객부두 1번선석
C11: 톤 | D11: 998726 | E11: 89635 | F11: 418076 | H11: 237788 | I11: =IFERROR(G11-E11,"-") -> -89635 | J11: =IFERROR((G11/E11*100)-100,"-") -> -100 | K11: =IFERROR(H11-F11,"-") -> -180288 | L11: =IFERROR((H11/F11*100)-100,"-") -> -43.12326 | O11: 국제여객부두 1번선석
B12: 국제여객부두2번 | C12: TEU | D12: 57203 | E12: 3888 | F12: 19814 | G12: 7690 | H12: =G12+22791 -> 30481 | I12: =IFERROR(G12-E12,"-") -> 3802 | J12: =IFERROR((G12/E12*100)-100,"-") -> 97.788066 | K12: =IFERROR(H12-F12,"-") -> 10667 | L12: =IFERROR((H12/F12*100)-100,"-") -> 53.835672 | O12: 국제여객부두 2번선석 | AC12: 터미널별 | AD12: 2022년 월별 | AE12: 2022년 누계 | AF12: 2023년 월별 | AG12: 2023년 누계
C13: 톤 | D13: 821405 | E13: 57064 | F13: 279033 | G13: 129106 | H13: =G13+358236 -> 487342 | I13: =IFERROR(G13-E13,"-") -> 72042 | J13: =IFERROR((G13/E13*100)-100,"-") -> 126.24772 | K13: =IFERROR(H13-F13,"-") -> 208309 | L13: =IFERROR((H13/F13*100)-100,"-") -> 74.653894 | O13: 국제여객부두 2번선석 | AC13: 여객부두 | AD13: =E10+E12 -> 8814 | AE13: =F10+F12 -> 42251 | AF13: =G10+G12 -> 7690 | AG13: =H10+H12 -> 43618 | AH13: =(AF13/AD13*100)-100 -> -12.752439 | AI13: =(AG13/AE13*100)-100 -> 3.2354264
B14: 동부두 1 | C14: TEU | D14: 9 | E14: 0 | F14: 0 | G14: 0 | H14: 0 | I14: =IFERROR(G14-E14,"-") -> 0 | J14: =IFERROR((G14/E14*100)-100,"-") -> - | K14: =IFERROR(H14-F14,"-") -> 0 | L14: =IFERROR((H14/F14*100)-100,"-") -> - | O14: 동부두 1번선석 | AC14: HPCTC | AD14: =E18+E20+E22 -> 49814 | AE14: =F18+F20+F22 -> 228792 | AF14: =G18+G20+G22 -> 41072 | AG14: =H18+H20+H22 -> 202985 | AH14: =(AF14/AD14*100)-100 -> -17.549283 | AI14: =(AG14/AE14*100)-100 -> -11.279678
C15: 톤 | D15: 213 | E15: 0 | F15: 0 | G15: 0 | H15: 0 | I15: =IFERROR(G15-E15,"-") -> 0 | J15: =IFERROR((G15/E15*100)-100,"-") -> - | K15: =IFERROR(H15-F15,"-") -> 0 | L15: =IFERROR((H15/F15*100)-100,"-") -> - | O15: 동부두 1번선석 | AC15: PNCT | AD15: =E32+E34+E36 -> 21692 | AE15: =F32+F34+F36 -> 97822 | AF15: =G32+G34+G36 -> 27994 | AG15: =H32+H34+H36 -> 129105 | AH15: =(AF15/AD15*100)-100 -> 29.052185 | AI15: =(AG15/AE15*100)-100 -> 31.979514
B16: 동부두 5 | C16: TEU | D16: 212 | E16: 0 | F16: 212 | G16: 0 | H16: 0 | I16: =IFERROR(G16-E16,"-") -> 0 | J16: =IFERROR((G16/E16*100)-100,"-") -> - | K16: =IFERROR(H16-F16,"-") -> -212 | L16: =IFERROR((H16/F16*100)-100,"-") -> -100 | O16: 동부두 5번선석
C17: 톤 | D17: 5372 | E17: 0 | F17: 5372 | G17: 0 | H17: 0 | I17: =IFERROR(G17-E17,"-") -> 0 | J17: =IFERROR((G17/E17*100)-100,"-") -> - | K17: =IFERROR(H17-F17,"-") -> -5372 | L17: =IFERROR((H17/F17*100)-100,"-") -> -100 | O17: 동부두 5번선석
B18: 동부두 6 | C18: TEU | D18: 142959.25 | E18: 14777 | F18: 59086 | G18: 17384 | H18: =G18+60247 -> 77631 | I18: =IFERROR(G18-E18,"-") -> 2607 | J18: =IFERROR((G18/E18*100)-100,"-") -> 17.642282 | K18: =IFERROR(H18-F18,"-") -> 18545 | L18: =IFERROR((H18/F18*100)-100,"-") -> 31.386454 | O18: 동부두 6번선석
C19: 톤 | D19: 2340460 | E19: 235822 | F19: 980625 | G19: 270732 | H19: =G19+851552 -> 1122284 | I19: =IFERROR(G19-E19,"-") -> 34910 | J19: =IFERROR((G19/E19*100)-100,"-") -> 14.803538 | K19: =IFERROR(H19-F19,"-") -> 141659 | L19: =IFERROR((H19/F19*100)-100,"-") -> 14.445787 | O19: 동부두 6번선석
B20: 동부두 7 | C20: TEU | D20: 233375.5 | E20: 20670 | F20: 98023 | G20: 12849 | H20: =G20+57438 -> 70287 | I20: =IFERROR(G20-E20,"-") -> -7821 | J20: =IFERROR((G20/E20*100)-100,"-") -> -37.837446 | K20: =IFERROR(H20-F20,"-") -> -27736 | L20: =IFERROR((H20/F20*100)-100,"-") -> -28.2954 | O20: 동부두 7번선석
C21: 톤 | D21: 3245962 | E21: 260342 | F21: 1285046 | G21: 243563 | H21: =G21+1015543 -> 1259106 | I21: =IFERROR(G21-E21,"-") -> -16779 | J21: =IFERROR((G21/E21*100)-100,"-") -> -6.4449839 | K21: =IFERROR(H21-F21,"-") -> -25940 | L21: =IFERROR((H21/F21*100)-100,"-") -> -2.0186048 | O21: 동부두 7번선석
B22: 동부두 8 | C22: TEU | D22: 163176.75 | E22: 14367 | F22: 71683 | G22: 10839 | H22: =G22+44228 -> 55067 | I22: =IFERROR(G22-E22,"-") -> -3528 | J22: =IFERROR((G22/E22*100)-100,"-") -> -24.556275 | K22: =IFERROR(H22-F22,"-") -> -16616 | L22: =IFERROR((H22/F22*100)-100,"-") -> -23.179833 | O22: 동부두 8번선석
C23: 톤 | D23: 2560713 | E23: 220119 | F23: 1117516 | G23: 171810 | H23: =G23+693761 -> 865571 | I23: =IFERROR(G23-E23,"-") -> -48309 | J23: =IFERROR((G23/E23*100)-100,"-") -> -21.946765 | K23: =IFERROR(H23-F23,"-") -> -251945 | L23: =IFERROR((H23/F23*100)-100,"-") -> -22.545091 | O23: 동부두 8번선석
B24: 동부두 9 | C24: TEU | D24: 8 | E24: 0 | F24: 0 | G24: 0 | H24: 0 | I24: =IFERROR(G24-E24,"-") -> 0 | J24: =IFERROR((G24/E24*100)-100,"-") -> - | K24: =IFERROR(H24-F24,"-") -> 0 | L24: =IFERROR((H24/F24*100)-100,"-") -> - | O24: 동부두 9번선석
C25: 톤 | D25: 175 | E25: 0 | F25: 0 | G25: 0 | H25: 0 | I25: =IFERROR(G25-E25,"-") -> 0 | J25: =IFERROR((G25/E25*100)-100,"-") -> - | K25: =IFERROR(H25-F25,"-") -> 0 | L25: =IFERROR((H25/F25*100)-100,"-") -> - | O25: 동부두 9번선석
B26: 동부두 10 | C26: TEU | D26: 0 | E26: 0 | F26: 0 | G26: 0 | H26: 0 | I26: =IFERROR(G26-E26,"-") -> 0 | J26: =IFERROR((G26/E26*100)-100,"-") -> - | K26: =IFERROR(H26-F26,"-") -> 0 | L26: =IFERROR((H26/F26*100)-100,"-") -> - | O26: 동부두 10번선석
C27: 톤 | D27: 0 | E27: 0 | F27: 0 | G27: 0 | H27: 0 | I27: =IFERROR(G27-E27,"-") -> 0 | J27: =IFERROR((G27/E27*100)-100,"-") -> - | K27: =IFERROR(H27-F27,"-") -> 0 | L27: =IFERROR((H27/F27*100)-100,"-") -> - | O27: 동부두 10번선석
B28: 동부두 11 | C28: TEU | D28: 36 | E28: 0 | F28: 0 | G28: 0 | H28: 0 | I28: =IFERROR(G28-E28,"-") -> 0 | J28: =IFERROR((G28/E28*100)-100,"-") -> - | K28: =IFERROR(H28-F28,"-") -> 0 | L28: =IFERROR((H28/F28*100)-100,"-") -> - | O28: 동부두 11번선석
C29: 톤 | D29: 956 | E29: 0 | F29: 0 | G29: 0 | H29: 0 | I29: =IFERROR(G29-E29,"-") -> 0 | J29: =IFERROR((G29/E29*100)-100,"-") -> - | K29: =IFERROR(H29-F29,"-") -> 0 | L29: =IFERROR((H29/F29*100)-100,"-") -> - | O29: 동부두 11번선석
B30: 동부두 12 | C30: TEU | D30: 0 | E30: 0 | F30: 0 | G30: 0 | H30: 0 | I30: =IFERROR(G30-E30,"-") -> 0 | J30: =IFERROR((G30/E30*100)-100,"-") -> - | K30: =IFERROR(H30-F30,"-") -> 0 | L30: =IFERROR((H30/F30*100)-100,"-") -> - | O30: 동부두 12번선석
C31: 톤 | D31: 0 | E31: 0 | F31: 0 | G31: 0 | H31: 0 | I31: =IFERROR(G31-E31,"-") -> 0 | J31: =IFERROR((G31/E31*100)-100,"-") -> - | K31: =IFERROR(H31-F31,"-") -> 0 | L31: =IFERROR((H31/F31*100)-100,"-") -> - | O31: 동부두 12번선석
B32: 동부두 14 | C32: TEU | D32: 78522 | E32: 6321 | F32: 26863 | G32: 8385 | H32: =G32+28232 -> 36617 | I32: =IFERROR(G32-E32,"-") -> 2064 | J32: =IFERROR((G32/E32*100)-100,"-") -> 32.653061 | K32: =IFERROR(H32-F32,"-") -> 9754 | L32: =IFERROR((H32/F32*100)-100,"-") -> 36.310166 | O32: 동부두 14번선석
C33: 톤 | D33: 1262971 | E33: 100789 | F33: 429849 | G33: 119281 | H33: =G33+440323 -> 559604 | I33: =IFERROR(G33-E33,"-") -> 18492 | J33: =IFERROR((G33/E33*100)-100,"-") -> 18.34724 | K33: =IFERROR(H33-F33,"-") -> 129755 | L33: =IFERROR((H33/F33*100)-100,"-") -> 30.186182 | O33: 동부두 14번선석
B34: 동부두 15 | C34: TEU | D34: 144194 | E34: 10836 | F34: 53387 | G34: 13262 | H34: =G34+53057 -> 66319 | I34: =IFERROR(G34-E34,"-") -> 2426 | J34: =IFERROR((G34/E34*100)-100,"-") -> 22.388335 | K34: =IFERROR(H34-F34,"-") -> 12932 | L34: =IFERROR((H34/F34*100)-100,"-") -> 24.223125 | O34: 동부두 15번선석
C35: 톤 | D35: 2071805 | E35: 155972 | F35: 788012 | G35: 186726 | H35: =G35+762057 -> 948783 | I35: =IFERROR(G35-E35,"-") -> 30754 | J35: =IFERROR((G35/E35*100)-100,"-") -> 19.717642 | K35: =IFERROR(H35-F35,"-") -> 160771 | L35: =IFERROR((H35/F35*100)-100,"-") -> 20.4021 | O35: 동부두 15번선석
B36: 동부두 16 | C36: TEU | D36: 51128 | E36: 4535 | F36: 17572 | G36: 6347 | H36: =G36+19822 -> 26169 | I36: =IFERROR(G36-E36,"-") -> 1812 | J36: =IFERROR((G36/E36*100)-100,"-") -> 39.955899 | K36: =IFERROR(H36-F36,"-") -> 8597 | L36: =IFERROR((H36/F36*100)-100,"-") -> 48.924425 | O36: 동부두 16번선석
C37: 톤 | D37: 747170 | E37: 67403 | F37: 276384 | G37: 80149 | H37: =G37+273741 -> 353890 | I37: =IFERROR(G37-E37,"-") -> 12746 | J37: =IFERROR((G37/E37*100)-100,"-") -> 18.910138 | K37: =IFERROR(H37-F37,"-") -> 77506 | L37: =IFERROR((H37/F37*100)-100,"-") -> 28.042868 | O37: 동부두 16번선석
