Workbook

Sheet VXXX

Sheet 통계요약
B1: (평택·당진항)
B2: 선박입항 및 화물수송
B3: (2022.10월분)
B4: (단위 : 척, 천톤, 100% 기준)
B5: 구 분 | F5: 2021년도 | H5: 2022년도 | J5: 전년동기대비
E6: 연간누계 | F6: 10월(A) | G6: 10월누계(B) | H6: 10월(C) | I6: 10월누계(D) | J6: C-A | K6: (%) | L6: D-B | M6: (%)
B7: 선박 | C7: 계 | E7: =SUM(E8:E9) -> 16470 | F7: =SUM(F8:F9) -> 1361 | G7: =SUM(G8:G9) -> 13765 | H7: =SUM(H8:H9) -> 1321 | I7: =SUM(I8:I9) -> 13905 | J7: =H7-F7 -> -40 | K7: =H7/F7 -> 0.97060985 | L7: =I7-G7 -> 140 | M7: =I7/G7 -> 1.0101707
C8: 외 항 | E8: 10091 | F8: 840 | G8: 8364 | H8: 835 | I8: 8378 | J8: =H8-F8 -> -5 | K8: =H8/F8 -> 0.99404762 | L8: =I8-G8 -> 14 | M8: =I8/G8 -> 1.0016738
C9: 내 항 | E9: 6379 | F9: 521 | G9: 5401 | H9: 486 | I9: 5527 | J9: =H9-F9 -> -35 | K9: =H9/F9 -> 0.9328215 | L9: =I9-G9 -> 126 | M9: =I9/G9 -> 1.023329
B10: 화물 | C10: 합 계 | E10: =E11+E15 -> 116876152 | F10: =F11+F15 -> 9997934 | G10: =G11+G15 -> 96655488 | H10: =H11+H15 -> 10600612 | I10: =I11+I15 -> 96947865 | J10: =H10-F10 -> 602678 | K10: =H10/F10 -> 1.0602803 | L10: =I10-G10 -> 292377 | M10: =I10/G10 -> 1.0030249
C11: 외항 | D11: 소계 | E11: =SUM(E12:E14) -> 104967519 | F11: =SUM(F12:F14) -> 8965639 | G11: =SUM(G12:G14) -> 86707266 | H11: =SUM(H12:H14) -> 9797906 | I11: =SUM(I12:I14) -> 86926315 | J11: =H11-F11 -> 832267 | K11: =H11/F11 -> 1.0928285 | L11: =I11-G11 -> 219049 | M11: =I11/G11 -> 1.0025263
D12: 수입 | E12: 84583157 | F12: 7218324 | G12: 69419013 | H12: 8264107 | I12: 70612261 | J12: =H12-F12 -> 1045783 | K12: =H12/F12 -> 1.1448789 | L12: =I12-G12 -> 1193248 | M12: =I12/G12 -> 1.0171891
D13: 수출 | E13: 15412892 | F13: 1311386 | G13: 12992489 | H13: 1304908 | I13: 13216251 | J13: =H13-F13 -> -6478 | K13: =H13/F13 -> 0.99506019 | L13: =I13-G13 -> 223762 | M13: =I13/G13 -> 1.0172224
D14: 환적 | E14: 4971470 | F14: =216420+219509 -> 435929 | G14: =2175314+2120450 -> 4295764 | H14: 228891 | I14: 3097803 | J14: =H14-F14 -> -207038 | K14: =H14/F14 -> 0.52506486 | L14: =I14-G14 -> -1197961 | M14: =I14/G14 -> 0.7211297
C15: 연안 | D15: 소계 | E15: =SUM(E16:E18) -> 11908633 | F15: =SUM(F16:F18) -> 1032295 | G15: =SUM(G16:G18) -> 9948222 | H15: =SUM(H16:H18) -> 802706 | I15: =SUM(I16:I18) -> 10021550 | J15: =H15-F15 -> -229589 | K15: =H15/F15 -> 0.77759361 | L15: =I15-G15 -> 73328 | M15: =I15/G15 -> 1.007371
D16: 입항 | E16: 8645260 | F16: 753234 | G16: 7156520 | H16: 614058 | I16: 6938147 | J16: =H16-F16 -> -139176 | K16: =H16/F16 -> 0.81522873 | L16: =I16-G16 -> -218373 | M16: =I16/G16 -> 0.96948615
D17: 출항 | E17: 3263373 | F17: 279061 | G17: 2791702 | H17: 188648 | I17: 3023406 | J17: =H17-F17 -> -90413 | K17: =H17/F17 -> 0.6760099 | L17: =I17-G17 -> 231704 | M17: =I17/G17 -> 1.0829974
D18: 환적 | E18: 0 | H18: 0 | I18: 59997 | J18: 0 | K18: 0 | L18: =I18-G18 -> 59997 | M18: 순증
K19: (단위:TEU, 100% 기준)
C20: 합 계 | E20: =SUM(E21,E25) -> 936246 | F20: =SUM(F21,F25) -> 72790 | G20: =SUM(G21,G25) -> 769220 | H20: =SUM(H21,H25) -> 70787 | I20: =SUM(I21,I25) -> 722871 | J20: =H20-F20 -> -2003 | K20: =H20/F20 -> 0.97248248 | L20: =I20-G20 -> -46349 | M20: =I20/G20 -> 0.93974546
C21: 외항 | D21: 소계 | E21: =SUM(E22:E24) -> 936246 | F21: =SUM(F22:F24) -> 72790 | G21: =SUM(G22:G24) -> 769220 | H21: =SUM(H22:H24) -> 70787 | I21: =SUM(I22:I24) -> 722871 | J21: =H21-F21 -> -2003 | K21: =H21/F21 -> 0.97248248 | L21: =I21-G21 -> -46349 | M21: =I21/G21 -> 0.93974546
B22: 컨테 | D22: 수입 | E22: 467367 | F22: 36343 | G22: 384411 | H22: 33375 | I22: 352909 | J22: =H22-F22 -> -2968 | K22: =H22/F22 -> 0.91833365 | L22: =I22-G22 -> -31502 | M22: =I22/G22 -> 0.91805125
B23: 이너 | D23: 수출 | E23: 457531 | F23: 35451 | G23: 374723 | H23: 35087 | I23: 353557 | J23: =H23-F23 -> -364 | K23: =H23/F23 -> 0.98973231 | L23: =I23-G23 -> -21166 | M23: =I23/G23 -> 0.94351561
D24: 환적 | E24: 11348 | F24: =657+339 -> 996 | G24: =5925+4161 -> 10086 | H24: 2325 | I24: 16405 | J24: =H24-F24 -> 1329 | K24: =H24/F24 -> 2.3343373 | L24: =I24-G24 -> 6319 | M24: =I24/G24 -> 1.626512
C25: 연안 | D25: 소계 | E25: =SUM(E26:E27) -> 0 | F25: 0 | G25: 0 | H25: 0 | I25: =SUM(I26:I27) -> 0 | J25: =H25-F25 -> 0 | K25: 0 | L25: =I25-G25 -> 0 | M25: 0
D26: 소계 | E26: 0 | F26: 0 | G26: 0 | H26: 0 | I26: 0 | J26: =H26-F26 -> 0 | K26: 0 | L26: =I26-G26 -> 0 | M26: 0
D27: 소계 | E27: 0 | F27: 0 | G27: 0 | H27: 0 | I27: 0 | J27: =H27-F27 -> 0 | K27: 0 | L27: =I27-G27 -> 0 | M27: 0
B28: 자동차(대) | E28: 1429401 | F28: 121959 | G28: 1185604 | H28: 140063 | I28: 1346788 | J28: =H28-F28 -> 18104 | K28: =H28/F28 -> 1.1484433 | L28: =I28-G28 -> 161184 | M28: =I28/G28 -> 1.135951
A30: □ 전년 동기대비 비교표
B31: (화물) | H31: (컨테이너)

Sheet 연도별 수송실적
A1: ■ 연도별 수송실적
F2: (단위 : 척) | M2: (단위 : 천톤)
A3: 구분 | B3: 17 | C3: 18 | D3: 19 | E3: 20 | F3: 21 | G3: 22.1 | H3: 구분 | I3: 17 | J3: 18 | K3: 19 | L3: 20 | M3: 21 | N3: =$G$3 -> 22.1
A4: 선박입출항 | B4: 19440 | C4: 18829 | D4: 18416 | E4: 17326 | F4: 16412 | G4: =통계요약!I7 -> 13905 | H4: 화물입출항 | I4: 112491 | J4: 115147 | K4: 113201 | L4: 106845 | M4: 116876 | N4: =통계요약!I10 -> 96947865
F5: (단위 : TEU) | M5: (단위 : 명)
A6: 구분 | B6: 17 | C6: 18 | D6: 19 | E6: 20 | F6: 21 | G6: =$G$3 -> 22.1 | H6: 구분 | I6: 17 | J6: 18 | K6: 19 | L6: 20 | M6: 21 | N6: =$G$3 -> 22.1
A7: 컨테이너 | B7: 643233 | C7: 689852 | D7: 725047 | E7: 792643 | F7: 936246 | G7: =통계요약!I20 -> 722871 | H7: 여 객 | I7: 482428 | J7: 452480 | K7: 623733 | L7: 40267 | M7: 0 | N7: 0 | AA7: =(19166/188141)^(1/4)-1 -> -0.4350474
A12: □ 연도별 추이
A13: (선박입출항) | H13: (화물입출항)
A23: (컨테이너) | H23: (여객)

Sheet 컨테이너 재게(10월)
A1: □ 부두별 컨테이너 물동량
A2: 구 분 | D2: 단위 | F2: 2021년도 | H2: 2022년도 | J2: 전년동기대비
E3: 연간누계 | F3: =통계요약!F6 -> 10월(A) | G3: =통계요약!G6 -> 10월누계(B) | H3: =통계요약!H6 -> 10월(C) | I3: =통계요약!I6 -> 10월누계(D) | J3: C-A | K3: (%) | L3: D-B | M3: (%)
A4: 합 계 | D4: TEU | E4: =SUM(E6,E8,E10,E12,E14,E16,E18,E22,E20,E26,E28,E30,E32,E24,E34) -> 936246 | F4: =SUM(F6,F8,F10,F12,F14,F16,F18,F22,F20,F26,F28,F30,F32,F24,F34) -> 72789 | G4: =SUM(G6,G8,G10,G12,G14,G16,G18,G22,G20,G26,G28,G30,G32,G24,G34) -> 769220 | H4: =SUM(H6,H8,H10,H12,H14,H16,H18,H22,H20,H26,H28,H30,H32,H24,H34) -> 70786 | I4: =SUM(I6,I8,I10,I12,I14,I16,I18,I22,I20,I26,I28,I30,I32,I24,I34) -> 722870.5 | J4: =H4-F4 -> -2003 | K4: =(H4/F4*100)-100 -> -2.7517894 | L4: =I4-G4 -> -46349.5 | M4: =(I4/G4*100)-100 -> -6.0255194
D5: 톤 | E5: =SUM(E7,E9,E11,E13,E15,E17,E19,E21,E23,E27,E29,E31,E33,E25) -> 14361448 | F5: =SUM(F7,F9,F11,F13,F15,F17,F19,F21,F23,F27,F29,F31,F33,F25,F35) -> 1034757 | G5: =SUM(G7,G9,G11,G13,G15,G17,G19,G21,G23,G27,G29,G31,G33,G25,G35) -> 11748375 | H5: =SUM(H7,H9,H11,H13,H15,H17,H19,H21,H23,H27,H29,H31,H33,H25,H35) -> 1078914 | I5: =SUM(I7,I9,I11,I13,I15,I17,I19,I21,I23,I27,I29,I31,I33,I25,I35) -> 11205469 | J5: =H5-F5 -> 44157 | K5: =(H5/F5*100)-100 -> 4.2673787 | L5: =I5-G5 -> -542906 | M5: =(I5/G5*100)-100 -> -4.6211157
A6: 국제여객부두1번 | D6: TEU | E6: 54806 | F6: 3687 | G6: 44679 | H6: 4516 | I6: 46731 | J6: =H6-F6 -> 829 | K6: =(H6/F6*100)-100 -> 22.484405 | L6: =I6-G6 -> 2052 | M6: =(I6/G6*100)-100 -> 4.5927617 | P6: 국제여객부두 1번선석
D7: 톤 | E7: 1010788 | F7: 70395 | G7: 819325 | H7: 89216 | I7: 881556 | J7: =H7-F7 -> 18821 | K7: =(H7/F7*100)-100 -> 26.736274 | L7: =I7-G7 -> 62231 | M7: =(I7/G7*100)-100 -> 7.5953987 | P7: 국제여객부두 1번선석
A8: 국제여객부두2번 | D8: TEU | E8: 73319 | F8: 4726 | G8: 59662 | H8: 6113 | I8: 59604.5 | J8: =H8-F8 -> 1387 | K8: =(H8/F8*100)-100 -> 29.348286 | L8: =I8-G8 -> -57.5 | M8: =(I8/G8*100)-100 -> -0.096376253 | P8: 국제여객부두 2번선석
D9: 톤 | E9: 1108270 | F9: 69245 | G9: 913386 | H9: 86526 | I9: 872297 | J9: =H9-F9 -> 17281 | K9: =(H9/F9*100)-100 -> 24.956315 | L9: =I9-G9 -> -41089 | M9: =(I9/G9*100)-100 -> -4.4985362 | P9: 국제여객부두 2번선석
A10: 동부두 1 | D10: TEU | E10: 32 | F10: 0 | G10: 12 | H10: 0 | I10: 11 | J10: =H10-F10 -> 0 | K10: 0 | L10: =I10-G10 -> -1 | M10: =(I10/G10*100)-100 -> -8.3333333 | P10: 동부두 1번선석
D11: 톤 | E11: 760 | F11: 0 | G11: 310 | H11: 0 | I11: 39 | J11: =H11-F11 -> 0 | K11: 0 | L11: =I11-G11 -> -271 | M11: =(I11/G11*100)-100 -> -87.419355 | P11: 동부두 1번선석
A12: 동부두 5 | D12: TEU | E12: 0 | F12: 0 | G12: 0 | H12: 0 | I12: 0 | J12: =H12-F12 -> 0 | K12: 0 | L12: =I12-G12 -> 0 | M12: 0 | P12: 동부두 5번선석
D13: 톤 | E13: 0 | F13: 0 | G13: 0 | H13: 0 | I13: 0 | J13: =H13-F13 -> 0 | K13: 0 | L13: =I13-G13 -> 0 | M13: 0 | P13: 동부두 5번선석
A14: 동부두 6 | D14: TEU | E14: 113070 | F14: 6729 | G14: 92712 | H14: 13227 | I14: 108357 | J14: =H14-F14 -> 6498 | K14: =(H14/F14*100)-100 -> 96.567098 | L14: =I14-G14 -> 15645 | M14: =(I14/G14*100)-100 -> 16.874838 | P14: 동부두 6번선석
D15: 톤 | E15: 1740430 | F15: 12253 | G15: 1428407 | H15: 216649 | I15: 1743363 | J15: =H15-F15 -> 204396 | K15: =(H15/F15*100)-100 -> 1668.1303 | L15: =I15-G15 -> 314956 | M15: =(I15/G15*100)-100 -> 22.049458 | P15: 동부두 6번선석
A16: 동부두 7 | D16: TEU | E16: 257133 | F16: 17726 | G16: 219920 | H16: 10817 | I16: 177005 | J16: =H16-F16 -> -6909 | K16: =(H16/F16*100)-100 -> -38.976644 | L16: =I16-G16 -> -42915 | M16: =(I16/G16*100)-100 -> -19.513914 | P16: 동부두 7번선석
D17: 톤 | E17: 3567347 | F17: 244046 | G17: 3007308 | H17: 131887 | I17: 2466379 | J17: =H17-F17 -> -112159 | K17: =(H17/F17*100)-100 -> -45.958139 | L17: =I17-G17 -> -540929 | M17: =(I17/G17*100)-100 -> -17.98715 | P17: 동부두 7번선석
A18: 동부두 8 | D18: TEU | E18: 148930 | F18: 11913 | G18: 121238 | H18: 11743 | I18: 101260 | J18: =H18-F18 -> -170 | K18: =(H18/F18*100)-100 -> -1.4270125 | L18: =I18-G18 -> -19978 | M18: =(I18/G18*100)-100 -> -16.478332 | P18: 동부두 8번선석
D19: 톤 | E19: 2355281 | F19: 183760 | G19: 1912993 | H19: 196121 | I19: 1659949 | J19: =H19-F19 -> 12361 | K19: =(H19/F19*100)-100 -> 6.7267088 | L19: =I19-G19 -> -253044 | M19: =(I19/G19*100)-100 -> -13.227649 | P19: 동부두 8번선석
A20: 동부두 9 | D20: TEU | E20: 0 | F20: 0 | G20: 0 | H20: 0 | I20: 0 | J20: =H20-F20 -> 0 | K20: 0 | L20: =I20-G20 -> 0 | M20: 0 | P20: 동부두 9번선석
D21: 톤 | E21: 0 | F21: 0 | G21: 0 | H21: 0 | I21: 0 | J21: =H21-F21 -> 0 | K21: 0 | L21: =I21-G21 -> 0 | M21: 0 | P21: 동부두 9번선석
A22: 동부두 10 | D22: TEU | E22: 8 | F22: 8 | G22: 8 | H22: 0 | I22: 0 | J22: =H22-F22 -> -8 | K22: 0 | L22: =I22-G22 -> -8 | M22: 0 | P22: 동부두 10번선석
D23: 톤 | E23: 43 | F23: 43 | G23: 43 | H23: 0 | I23: 0 | J23: =H23-F23 -> -43 | K23: 0 | L23: =I23-G23 -> -43 | M23: 0 | P23: 동부두 10번선석
A24: 동부두 11 | D24: TEU | E24: 43 | F24: 12 | G24: 43 | I24: 107 | J24: =H24-F24 -> -12 | K24: 0 | L24: =I24-G24 -> 64 | M24: =(I24/G24*100)-100 -> 148.83721 | P24: 동부두 11번선석
D25: 톤 | E25: 492 | F25: 69 | G25: 492 | H25: 0 | I25: 244 | J25: =H25-F25 -> -69 | K25: 0 | L25: =I25-G25 -> -248 | M25: =(I25/G25*100)-100 -> -50.406504 | P25: 동부두 11번선석
A26: 동부두 12 | D26: TEU | E26: 478 | F26: 48 | G26: 266 | H26: 0 | I26: 212 | J26: =H26-F26 -> -48 | K26: =(H26/F26*100)-100 -> -100 | L26: =I26-G26 -> -54 | M26: =(I26/G26*100)-100 -> -20.300752 | P26: 동부두 12번선석
D27: 톤 | E27: 2537 | F27: 427 | G27: 2342 | H27: 0 | I27: 1888 | J27: =H27-F27 -> -427 | K27: =(H27/F27*100)-100 -> -100 | L27: =I27-G27 -> -454 | M27: =(I27/G27*100)-100 -> -19.385141 | P27: 동부두 12번선석
A28: 동부두 14 | D28: TEU | E28: 95587 | F28: 8735 | G28: 78482 | H28: 7839 | I28: 75970 | J28: =H28-F28 -> -896 | K28: =(H28/F28*100)-100 -> -10.257584 | L28: =I28-G28 -> -2512 | M28: =(I28/G28*100)-100 -> -3.2007339 | P28: 동부두 14번선석
D29: 톤 | E29: 1614394 | F29: 161052 | G29: 1322906 | H29: 100838 | I29: 1288831 | J29: =H29-F29 -> -60214 | K29: =(H29/F29*100)-100 -> -37.387924 | L29: =I29-G29 -> -34075 | M29: =(I29/G29*100)-100 -> -2.5757688 | P29: 동부두 14번선석
A30: 동부두 15 | D30: TEU | E30: 139949 | F30: 15071 | G30: 108074 | H30: 12775 | I30: 115394 | J30: =H30-F30 -> -2296 | K30: =(H30/F30*100)-100 -> -15.234556 | L30: =I30-G30 -> 7320 | M30: =(I30/G30*100)-100 -> 6.7731369 | P30: 동부두 15번선석
D31: 톤 | E31: 2096293 | F31: 221007 | G31: 1625033 | H31: 190405 | I31: 1686602 | J31: =H31-F31 -> -30602 | K31: =(H31/F31*100)-100 -> -13.84662 | L31: =I31-G31 -> 61569 | M31: =(I31/G31*100)-100 -> 3.7887846 | P31: 동부두 15번선석
A32: 동부두 16 | D32: TEU | E32: 52891 | F32: 4134 | G32: 44124 | H32: 3756 | I32: 38139 | J32: =H32-F32 -> -378 | K32: =(H32/F32*100)-100 -> -9.1436865 | L32: =I32-G32 -> -5985 | M32: =(I32/G32*100)-100 -> -13.564047 | P32: 동부두 16번선석
D33: 톤 | E33: 864813 | F33: 72460 | G33: 715830 | H33: 67272 | I33: 602937 | J33: =H33-F33 -> -5188 | K33: =(H33/F33*100)-100 -> -7.1598123 | L33: =I33-G33 -> -112893 | M33: =(I33/G33*100)-100 -> -15.770923 | P33: 동부두 16번선석
A34: 고대부두 8 | D34: TEU | E34: 0 | F34: 0 | G34: 0 | H34: 0 | I34: 80 | J34: =H34-F34 -> 0 | K34: 0 | L34: =I34-G34 -> 80 | M34: 순증 | P34: 고대부두 8번선석
D35: 톤 | E35: 0 | F35: 0 | G35: 0 | H35: 0 | I35: 1384 | J35: =H35-F35 -> 0 | K35: 0 | L35: =I35-G35 -> 1384 | M35: 순증 | P35: 고대부두 8번선석
