Workbook

Sheet VXXX

Sheet 통계요약
B1: (평택·당진항)
B2: 선박입항 및 화물수송
B3: (2020. 8월분)
B4: (단위 : 척, 천톤, 100% 기준)
B5: 구 분 | F5: 2019년도 | H5: 2020년도 | J5: 전년동기대비
E6: 연간누계 | F6: 8월(A) | G6: 8월누계(B) | H6: 8월(C) | I6: 8월누계(D) | J6: C-A | K6: (%) | L6: D-B | M6: (%)
B7: 선박 | C7: 계 | E7: =SUM(E8:E9) -> 18416 | F7: =SUM(F8:F9) -> 1512 | G7: =SUM(G8:G9) -> 12268 | H7: =SUM(H8:H9) -> 1298 | I7: =SUM(I8:I9) -> 11166 | J7: =H7-F7 -> -214 | K7: =H7/F7 -> 0.85846561 | L7: =I7-G7 -> -1102 | M7: =I7/G7 -> 0.91017281
C8: 외 항 | E8: 11525 | F8: 955 | G8: 7706 | H8: 770 | I8: 6793 | J8: =H8-F8 -> -185 | K8: =H8/F8 -> 0.80628272 | L8: =I8-G8 -> -913 | M8: =I8/G8 -> 0.88152089
C9: 내 항 | E9: 6891 | F9: 557 | G9: 4562 | H9: 528 | I9: 4373 | J9: =H9-F9 -> -29 | K9: =H9/F9 -> 0.94793537 | L9: =I9-G9 -> -189 | M9: =I9/G9 -> 0.9585708
B10: 화물 | C10: 합 계 | E10: =E11+E15 -> 113201331 | F10: =F11+F15 -> 10172845 | G10: =G11+G15 -> 75105058 | H10: =H11+H15 -> 7404334 | I10: =I11+I15 -> 68970525 | J10: =H10-F10 -> -2768511 | K10: =H10/F10 -> 0.72785283 | L10: =I10-G10 -> -6134533 | M10: =I10/G10 -> 0.91832064
C11: 외항 | D11: 소계 | E11: =SUM(E12:E14) -> 102609234 | F11: =SUM(F12:F14) -> 9158550 | G11: =SUM(G12:G14) -> 67994150 | H11: =SUM(H12:H14) -> 6506416 | I11: =SUM(I12:I14) -> 61655475 | J11: =H11-F11 -> -2652134 | K11: =H11/F11 -> 0.71041988 | L11: =I11-G11 -> -6338675 | M11: =I11/G11 -> 0.90677617
D12: 수입 | E12: 80537389 | F12: 7285920 | G12: 52972348 | H12: 5051701 | I12: 49477257 | J12: =H12-F12 -> -2234219 | K12: =H12/F12 -> 0.69335115 | L12: =I12-G12 -> -3495091 | M12: =I12/G12 -> 0.93402046
D13: 수출 | E13: 15743706 | F13: 1213043 | G13: 10718837 | H13: 1083096 | I13: 8938673 | J13: =H13-F13 -> -129947 | K13: =H13/F13 -> 0.89287519 | L13: =I13-G13 -> -1780164 | M13: =I13/G13 -> 0.83392191
D14: 환적 | E14: 6328139 | F14: 659587 | G14: 4302965 | H14: 371619 | I14: 3239545 | J14: =H14-F14 -> -287968 | K14: =H14/F14 -> 0.56341165 | L14: =I14-G14 -> -1063420 | M14: =I14/G14 -> 0.75286343
C15: 연안 | D15: 소계 | E15: =SUM(E16:E18) -> 10592097 | F15: =SUM(F16:F18) -> 1014295 | G15: =SUM(G16:G18) -> 7110908 | H15: =SUM(H16:H18) -> 897918 | I15: =SUM(I16:I18) -> 7315050 | J15: =H15-F15 -> -116377 | K15: =H15/F15 -> 0.88526316 | L15: =I15-G15 -> 204142 | M15: =I15/G15 -> 1.0287083
D16: 입항 | E16: 7499173 | F16: 705018 | G16: 4973794 | H16: 640436 | I16: 5227906 | J16: =H16-F16 -> -64582 | K16: =H16/F16 -> 0.90839667 | L16: =I16-G16 -> 254112 | M16: =I16/G16 -> 1.0510902
D17: 출항 | E17: 3086684 | F17: 309277 | G17: 2137114 | H17: 257482 | I17: 2078223 | J17: 0 | K17: =H17/F17 -> 0.83252877 | L17: =I17-G17 -> -58891 | M17: =I17/G17 -> 0.97244368
D18: 환적 | E18: 6240 | F18: 0 | G18: 0 | H18: 0 | I18: 8921 | J18: =H18-F18 -> 0 | K18: =H18/F18 -> #DIV/0! | L18: =I18-G18 -> 8921 | M18: =I18/G18 -> #DIV/0!
K19: (단위:TEU, 100% 기준)
C20: 합 계 | E20: =SUM(E21,E25) -> 725047 | F20: =SUM(F21,F25) -> 57706 | G20: =SUM(G21,G25) -> 472181 | H20: =SUM(H21,H25) -> 63879 | I20: =SUM(I21,I25) -> 500617 | J20: =H20-F20 -> 6173 | K20: =H20/F20 -> 1.1069733 | L20: =I20-G20 -> 28436 | M20: =I20/G20 -> 1.0602227
C21: 외항 | D21: 소계 | E21: =SUM(E22:E24) -> 725047 | F21: =SUM(F22:F24) -> 57706 | G21: =SUM(G22:G24) -> 472181 | H21: =SUM(H22:H24) -> 63879 | I21: =SUM(I22:I24) -> 500617 | J21: =H21-F21 -> 6173 | K21: =H21/F21 -> 1.1069733 | L21: =I21-G21 -> 28436 | M21: =I21/G21 -> 1.0602227
B22: 컨테 | D22: 수입 | E22: 359665 | F22: 28158 | G22: 236442 | H22: 32088 | I22: 245482 | J22: =H22-F22 -> 3930 | K22: =H22/F22 -> 1.1395696 | L22: =I22-G22 -> 9040 | M22: =I22/G22 -> 1.0382335
B23: 이너 | D23: 수출 | E23: 353048 | F23: 28676 | G23: 228265 | H23: 31143 | I23: 247068 | J23: =H23-F23 -> 2467 | K23: =H23/F23 -> 1.0860301 | L23: =I23-G23 -> 18803 | M23: =I23/G23 -> 1.0823736
D24: 환적 | E24: 12334 | F24: 872 | G24: 7474 | H24: 648 | I24: 8067 | J24: =H24-F24 -> -224 | K24: =H24/F24 -> 0.74311927 | L24: =I24-G24 -> 593 | M24: =I24/G24 -> 1.0793417
C25: 연안 | D25: 소계 | E25: =SUM(E26:E27) -> 0 | F25: =SUM(F26:F27) -> 0 | G25: =SUM(G26:G27) -> 0 | H25: =SUM(H26:H27) -> 0 | I25: =SUM(I26:I27) -> 0 | J25: =H25-F25 -> 0 | K25: =H25/F25 -> #DIV/0! | L25: =I25-G25 -> 0 | M25: =I25/G25 -> #DIV/0!
D26: 소계 | E26: 0 | F26: 0 | G26: 0 | H26: 0 | I26: 0 | J26: =H26-F26 -> 0 | K26: =H26/F26 -> #DIV/0! | L26: =I26-G26 -> 0 | M26: =I26/G26 -> #DIV/0!
D27: 소계 | E27: 0 | F27: 0 | G27: 0 | H27: 0 | I27: 0 | J27: =H27-F27 -> 0 | K27: =H27/F27 -> #DIV/0! | L27: =I27-G27 -> 0 | M27: =I27/G27 -> #DIV/0!
B28: 자동차(대) | E28: 1523131 | F28: 133053 | G28: 1024622 | H28: 81046 | I28: 750676 | J28: =H28-F28 -> -52007 | K28: =H28/F28 -> 0.60912569 | L28: =I28-G28 -> -273946 | M28: =I28/G28 -> 0.73263701
A30: □ 전년 동기대비 비교표
B31: (화물) | H31: (컨테이너)

Sheet 연도별 수송실적
A1: ■ 연도별 수송실적
F2: (단위 : 척) | M2: (단위 : 천톤)
A3: 구분 | B3: 15 | C3: 16 | D3: 17 | E3: 18 | F3: 19 | G3: 20.8 | H3: 구분 | I3: 15 | J3: 16 | K3: 17 | L3: 18 | M3: 19 | N3: =$G$3 -> 20.8
A4: 선박입출항 | B4: 19166 | C4: 19916 | D4: 19440 | E4: 18829 | F4: 18385 | G4: =통계요약!I7 -> 11166 | H4: 화물입출항 | I4: 102121 | J4: 112948 | K4: 112491 | L4: 115147 | M4: 112966 | N4: =통계요약!I10/1000 -> 68970.525
F5: (단위 : TEU) | M5: (단위 : 명)
A6: 구분 | B6: 15 | C6: 16 | D6: 17 | E6: 18 | F6: 19 | G6: =$G$3 -> 20.8 | H6: 구분 | I6: 15 | J6: 16 | K6: 17 | L6: 18 | M6: 19 | N6: =$G$3 -> 20.8
A7: 컨테이너 | B7: 565661 | C7: 623339 | D7: 643233 | E7: 689852 | F7: 723427 | G7: =통계요약!I20 -> 500617 | H7: 여 객 | I7: 494740 | J7: 435104 | K7: 482428 | L7: 452480 | M7: 623733 | N7: 40267 | AA7: =(19166/188141)^(1/4)-1 -> -0.4350474
A12: □ 연도별 추이
A13: (선박입출항) | H13: (화물입출항)
A23: (컨테이너) | H23: (여객)

Sheet 컨테이너 재게
A1: □ 부두별 컨테이너 물동량
A2: 구 분 | D2: 단위 | F2: 2019년도 | H2: 2020년도 | J2: 전년동기대비
E3: 연간누계 | F3: =통계요약!F6 -> 8월(A) | G3: =통계요약!G6 -> 8월누계(B) | H3: =통계요약!H6 -> 8월(C) | I3: =통계요약!I6 -> 8월누계(D) | J3: C-A | K3: (%) | L3: D-B | M3: (%)
A4: 합 계 | D4: TEU | E4: =SUM(E6,E8,E10,E12,E14,E16,E18,E22,E24,E26,E28,E20,) -> 724877 | F4: =SUM(F6,F8,F10,F12,F14,F16,F18,F22,F24,F26,F28,F20) -> 57706 | G4: =SUM(G6,G8,G10,G12,G14,G16,G18,G22,G24,G26,G28,G20) -> 472013 | H4: =SUM(H6,H8,H12,H14,H16,H18,H22,H24,H26,H28,H20,H10) -> 63879 | I4: =SUM(I6,I8,I12,I14,I16,I18,I22,I24,I26,I28,I20,I10) -> 500617 | J4: =H4-F4 -> 6173 | K4: =(H4/F4*100)-100 -> 10.697328 | L4: =I4-G4 -> 28604 | M4: =(I4/G4*100)-100 -> 6.0600026
D5: 톤 | E5: =SUM(E7,E9,E11,E13,E15,E17,E19,E23,E25,E27,E29,E21) -> 11048672 | F5: =SUM(F7,F9,F11,F13,F15,F17,F19,F23,F25,F27,F29,F21) -> 813711 | G5: =SUM(G7,G9,G11,G13,G15,G17,G19,G23,G25,G27,G29,G21) -> 7308842 | H5: =SUM(H7,H9,H13,H15,H17,H19,H23,H25,H27,H29,H21,H11) -> 1005107 | I5: =SUM(I7,I9,I13,I15,I17,I19,I23,I25,I27,I29,I21,I11) -> 7534973 | J5: =H5-F5 -> 191396 | K5: =(H5/F5*100)-100 -> 23.521373 | L5: =I5-G5 -> 226131 | M5: =(I5/G5*100)-100 -> 3.0939375
A6: 국제여객부두1번 | D6: TEU | E6: 35729 | F6: 2444 | G6: 22386 | H6: 3015 | I6: 23170 | J6: =H6-F6 -> 571 | K6: =(H6/F6*100)-100 -> 23.363339 | L6: =I6-G6 -> 784 | M6: =(I6/G6*100)-100 -> 3.5021889
D7: 톤 | E7: 661078 | F7: 46566 | G7: 420852 | H7: 55374 | I7: 426069 | J7: =H7-F7 -> 8808 | K7: =(H7/F7*100)-100 -> 18.915088 | L7: =I7-G7 -> 5217 | M7: =(I7/G7*100)-100 -> 1.2396282
A8: 국제여객부두2번 | D8: TEU | E8: 59188 | F8: 4480 | G8: 40400 | H8: 5512 | I8: 40743 | J8: =H8-F8 -> 1032 | K8: =(H8/F8*100)-100 -> 23.035714 | L8: =I8-G8 -> 343 | M8: =(I8/G8*100)-100 -> 0.8490099
D9: 톤 | E9: 905440 | F9: 70718 | G9: 614052 | H9: 85539 | I9: 640266 | J9: =H9-F9 -> 14821 | K9: =(H9/F9*100)-100 -> 20.957889 | L9: =I9-G9 -> 26214 | M9: =(I9/G9*100)-100 -> 4.2690196
A10: 동부두 5 | D10: TEU | E10: 1727 | F10: 266 | G10: 884 | H10: 0 | I10: 0 | J10: =H10-F10 -> -266 | K10: =(H10/F10*100)-100 -> -100 | L10: =I10-G10 -> -884 | M10: =(I10/G10*100)-100 -> -100
D11: 톤 | E11: 36095 | F11: 5630 | G11: 16586 | H11: 0 | I11: 0 | J11: =H11-F11 -> -5630 | K11: =(H11/F11*100)-100 -> -100 | L11: =I11-G11 -> -16586 | M11: =(I11/G11*100)-100 -> -100
A12: 동부두 6 | D12: TEU | E12: 60588 | F12: 4123 | G12: 35664 | H12: 10143 | I12: 59338 | J12: =H12-F12 -> 6020 | K12: =(H12/F12*100)-100 -> 146.01019 | L12: =I12-G12 -> 23674 | M12: =(I12/G12*100)-100 -> 66.380664
D13: 톤 | E13: 474427 | F13: 19179 | G13: 205929 | H13: 175419 | I13: 892912 | J13: =H13-F13 -> 156240 | K13: =(H13/F13*100)-100 -> 814.64101 | L13: =I13-G13 -> 686983 | M13: =(I13/G13*100)-100 -> 333.60187
A14: 동부두 7 | D14: TEU | E14: 173357 | F14: 14923 | G14: 116827 | H14: 19503 | I14: 141797 | J14: =H14-F14 -> 4580 | K14: =(H14/F14*100)-100 -> 30.69088 | L14: =I14-G14 -> 24970 | M14: =(I14/G14*100)-100 -> 21.373484
D15: 톤 | E15: 3000801 | F15: 221474 | G15: 2179121 | H15: 265732 | I15: 1926771 | J15: =H15-F15 -> 44258 | K15: =(H15/F15*100)-100 -> 19.983384 | L15: =I15-G15 -> -252350 | M15: =(I15/G15*100)-100 -> -11.580357
A16: 동부두 8 | D16: TEU | E16: 167550 | F16: 13691 | G16: 111091 | H16: 8346 | I16: 102730 | J16: =H16-F16 -> -5345 | K16: =(H16/F16*100)-100 -> -39.040245 | L16: =I16-G16 -> -8361 | M16: =(I16/G16*100)-100 -> -7.5262623
D17: 톤 | E17: 2696085 | F17: 206032 | G17: 1784412 | H17: 142300 | I17: 1633359 | J17: =H17-F17 -> -63732 | K17: =(H17/F17*100)-100 -> -30.933059 | L17: =I17-G17 -> -151053 | M17: =(I17/G17*100)-100 -> -8.4651415
A18: 동부두 9 | D18: TEU | E18: 225 | F18: 0 | G18: 0 | H18: 0 | I18: 0 | J18: =H18-F18 -> 0 | K18: - | L18: =I18-G18 -> 0 | M18: 0
D19: 톤 | E19: 4766 | F19: 0 | G19: 0 | H19: 0 | I19: 0 | J19: =H19-F19 -> 0 | K19: - | L19: =I19-G19 -> 0 | M19: 0
A20: 동부두 11 | D20: TEU | E20: 178 | F20: 0 | G20: 98 | H20: 0 | I20: 64 | J20: =H20-F20 -> 0 | K20: - | L20: =I20-G20 -> -34 | M20: =(I20/G20*100)-100 -> -34.693878
D21: 톤 | E21: 1254 | F21: 0 | G21: 554 | H21: 0 | I21: 424 | J21: =H21-F21 -> 0 | K21: - | L21: =I21-G21 -> -130 | M21: =(I21/G21*100)-100 -> -23.465704
A22: 동부두 12 | D22: TEU | E22: 486 | F22: 22 | G22: 382 | H22: 112 | I22: 428 | J22: =H22-F22 -> 90 | K22: =(H22/F22*100)-100 -> 409.09091 | L22: =I22-G22 -> 46 | M22: =(I22/G22*100)-100 -> 12.041885
D23: 톤 | E23: 4285 | F23: 123 | G23: 3369 | H23: 737 | I23: 3603 | J23: =H23-F23 -> 614 | K23: =(H23/F23*100)-100 -> 499.18699 | L23: =I23-G23 -> 234 | M23: =(I23/G23*100)-100 -> 6.9456812
A24: 동부두 14 | D24: TEU | E24: 81150 | F24: 6776 | G24: 51895 | H24: 5754 | I24: 45060 | J24: =H24-F24 -> -1022 | K24: =(H24/F24*100)-100 -> -15.082645 | L24: =I24-G24 -> -6835 | M24: =(I24/G24*100)-100 -> -13.170826
D25: 톤 | E25: 1256097 | F25: 93754 | G25: 810290 | H25: 97135 | I25: 711352 | J25: =H25-F25 -> 3381 | K25: =(H25/F25*100)-100 -> 3.6062461 | L25: =I25-G25 -> -98938 | M25: =(I25/G25*100)-100 -> -12.210196
A26: 동부두 15 | D26: TEU | E26: 115220 | F26: 9164 | G26: 73575 | H26: 8916 | I26: 65532 | J26: =H26-F26 -> -248 | K26: =(H26/F26*100)-100 -> -2.7062418 | L26: =I26-G26 -> -8043 | M26: =(I26/G26*100)-100 -> -10.931702
D27: 톤 | E27: 1551822 | F27: 119742 | G27: 995866 | H27: 139478 | I27: 958848 | J27: =H27-F27 -> 19736 | K27: =(H27/F27*100)-100 -> 16.482103 | L27: =I27-G27 -> -37018 | M27: =(I27/G27*100)-100 -> -3.7171668
A28: 동부두 16 | D28: TEU | E28: 29479 | F28: 1817 | G28: 18811 | H28: 2578 | I28: 21755 | J28: =H28-F28 -> 761 | K28: - | L28: =I28-G28 -> 2944 | M28: -
D29: 톤 | E29: 456522 | F29: 30493 | G29: 277811 | H29: 43393 | I29: 341369 | J29: =H29-F29 -> 12900 | K29: - | L29: =I29-G29 -> 63558 | M29: -
